index,dwell_time_s,replicate,mutant
0,190.06666666666666,1,12SpacG6A
1,95.56666666666666,1,12SpacG6A
0,48.53333333333333,2,12SpacG6A
0,193.06666666666666,3,12SpacG6A
1,267.03333333333336,3,12SpacG6A
2,76.0,3,12SpacG6A
3,60.6,3,12SpacG6A
0,440.6666666666667,4,12SpacG6A
1,103.0,4,12SpacG6A
2,110.06666666666666,4,12SpacG6A
3,66.46666666666667,4,12SpacG6A
4,44.6,4,12SpacG6A
5,75.76666666666667,4,12SpacG6A
6,262.7,4,12SpacG6A
7,184.63333333333333,4,12SpacG6A
0,189.33333333333334,5,12SpacG6A
1,117.73333333333333,5,12SpacG6A
2,257.6666666666667,5,12SpacG6A
3,92.4,5,12SpacG6A
4,111.03333333333333,5,12SpacG6A
5,106.33333333333333,5,12SpacG6A
6,44.2,5,12SpacG6A
7,1317.3666666666666,5,12SpacG6A
0,49.06666666666667,6,12SpacG6A
1,126.5,6,12SpacG6A
2,48.733333333333334,6,12SpacG6A
3,579.5333333333333,6,12SpacG6A
4,90.73333333333333,6,12SpacG6A
0,46.46666666666667,7,12SpacG6A
0,46.1,8,12SpacG6A
1,466.6,8,12SpacG6A
2,2879.1,8,12SpacG6A
0,144.66666666666666,9,12SpacG6A
1,67.46666666666667,9,12SpacG6A
2,88.13333333333334,9,12SpacG6A
3,339.7,9,12SpacG6A
4,582.4,9,12SpacG6A
5,154.93333333333334,9,12SpacG6A
6,521.0,9,12SpacG6A
7,470.1666666666667,9,12SpacG6A
0,116.1,10,12SpacG6A
1,444.8333333333333,10,12SpacG6A
2,46.6,10,12SpacG6A
3,50.13333333333333,10,12SpacG6A
4,50.833333333333336,10,12SpacG6A
0,140.93333333333334,11,12SpacG6A
1,61.233333333333334,11,12SpacG6A
2,85.56666666666666,11,12SpacG6A
3,2294.5333333333333,11,12SpacG6A
0,161.5,12,12SpacG6A
1,46.63333333333333,12,12SpacG6A
2,72.7,12,12SpacG6A
0,3187.6,13,12SpacG6A
1,72.83333333333333,13,12SpacG6A
2,146.06666666666666,13,12SpacG6A
3,3976.0333333333333,13,12SpacG6A
0,529.5333333333333,14,12SpacG6A
1,821.2333333333333,14,12SpacG6A
2,987.5666666666667,14,12SpacG6A
3,355.7,14,12SpacG6A
4,144.1,14,12SpacG6A
5,64.96666666666667,14,12SpacG6A
6,2301.6,14,12SpacG6A
7,95.86666666666666,14,12SpacG6A
0,50.4,15,12SpacG6A
1,76.1,15,12SpacG6A
2,709.8,15,12SpacG6A
3,352.1,15,12SpacG6A
4,139.83333333333334,15,12SpacG6A
5,1814.7,15,12SpacG6A
0,52.8,1,12HeptT6C
1,359.26666666666665,1,12HeptT6C
2,75.8,1,12HeptT6C
3,234.13333333333333,1,12HeptT6C
4,73.1,1,12HeptT6C
5,72.53333333333333,1,12HeptT6C
6,377.6666666666667,1,12HeptT6C
7,87.2,1,12HeptT6C
8,248.03333333333333,1,12HeptT6C
9,174.73333333333332,1,12HeptT6C
10,48.666666666666664,1,12HeptT6C
11,46.766666666666666,1,12HeptT6C
0,45.166666666666664,3,12HeptT6C
0,45.733333333333334,4,12HeptT6C
1,43.06666666666667,4,12HeptT6C
2,82.93333333333334,4,12HeptT6C
0,193.5,5,12HeptT6C
1,172.06666666666666,5,12HeptT6C
2,170.93333333333334,5,12HeptT6C
3,45.56666666666667,5,12HeptT6C
0,97.13333333333334,7,12HeptT6C
1,98.06666666666666,7,12HeptT6C
2,1799.6333333333334,7,12HeptT6C
3,163.66666666666666,7,12HeptT6C
4,134.3,7,12HeptT6C
5,61.1,7,12HeptT6C
6,226.7,7,12HeptT6C
0,233.86666666666667,2,V10-95
1,612.8666666666667,2,V10-95
0,484.73333333333335,3,V10-95
1,45.7,3,V10-95
2,266.4,3,V10-95
3,1503.8666666666666,3,V10-95
4,913.0333333333333,3,V10-95
0,79.43333333333334,4,V10-95
1,249.4,4,V10-95
2,403.0,4,V10-95
3,57.8,4,V10-95
4,48.733333333333334,4,V10-95
5,2237.733333333333,4,V10-95
0,289.9,1,12SpacG11T
1,710.0333333333333,1,12SpacG11T
2,2107.766666666667,1,12SpacG11T
0,225.3,2,12SpacG11T
1,134.46666666666667,2,12SpacG11T
2,265.2,2,12SpacG11T
3,1421.8,2,12SpacG11T
4,134.8,2,12SpacG11T
0,60.86666666666667,3,12SpacG11T
1,317.9,3,12SpacG11T
2,47.833333333333336,3,12SpacG11T
3,147.23333333333332,3,12SpacG11T
4,105.9,3,12SpacG11T
5,183.73333333333332,3,12SpacG11T
6,85.46666666666667,3,12SpacG11T
7,196.4,3,12SpacG11T
8,134.2,3,12SpacG11T
9,112.43333333333334,3,12SpacG11T
10,298.73333333333335,3,12SpacG11T
11,182.8,3,12SpacG11T
12,137.56666666666666,3,12SpacG11T
13,127.23333333333333,3,12SpacG11T
0,96.5,4,12SpacG11T
1,60.733333333333334,4,12SpacG11T
2,61.36666666666667,4,12SpacG11T
3,71.13333333333334,4,12SpacG11T
4,1835.3333333333333,4,12SpacG11T
0,60.56666666666667,5,12SpacG11T
1,54.06666666666667,5,12SpacG11T
2,55.3,5,12SpacG11T
3,43.7,5,12SpacG11T
0,283.93333333333334,6,12SpacG11T
1,59.56666666666667,6,12SpacG11T
2,47.7,6,12SpacG11T
3,270.46666666666664,6,12SpacG11T
4,53.666666666666664,6,12SpacG11T
5,380.53333333333336,6,12SpacG11T
6,386.96666666666664,6,12SpacG11T
0,167.93333333333334,7,12SpacG11T
1,218.03333333333333,7,12SpacG11T
2,721.3666666666667,7,12SpacG11T
3,1905.5,7,12SpacG11T
4,73.76666666666667,7,12SpacG11T
0,184.66666666666666,8,12SpacG11T
1,72.4,8,12SpacG11T
2,87.83333333333333,8,12SpacG11T
3,53.8,8,12SpacG11T
4,86.3,8,12SpacG11T
5,47.833333333333336,8,12SpacG11T
6,78.43333333333334,8,12SpacG11T
7,2356.133333333333,8,12SpacG11T
8,509.5,8,12SpacG11T
9,58.86666666666667,8,12SpacG11T
10,146.76666666666668,8,12SpacG11T
11,64.4,8,12SpacG11T
12,98.3,8,12SpacG11T
13,73.16666666666667,8,12SpacG11T
14,372.8,8,12SpacG11T
0,94.76666666666667,9,12SpacG11T
1,176.53333333333333,9,12SpacG11T
2,249.63333333333333,9,12SpacG11T
0,86.5,10,12SpacG11T
1,93.6,10,12SpacG11T
0,53.4,11,12SpacG11T
1,75.1,11,12SpacG11T
2,298.6666666666667,11,12SpacG11T
3,114.8,11,12SpacG11T
4,65.1,11,12SpacG11T
5,108.8,11,12SpacG11T
6,1183.5333333333333,11,12SpacG11T
0,135.8,12,12SpacG11T
1,108.36666666666666,12,12SpacG11T
2,307.6333333333333,12,12SpacG11T
3,96.0,12,12SpacG11T
4,536.2,12,12SpacG11T
5,100.6,12,12SpacG11T
6,83.26666666666667,12,12SpacG11T
0,44.86666666666667,14,12SpacG11T
1,82.73333333333333,14,12SpacG11T
2,1834.1333333333334,14,12SpacG11T
0,167.9,15,12SpacG11T
1,167.8,15,12SpacG11T
2,54.333333333333336,15,12SpacG11T
3,69.93333333333334,15,12SpacG11T
4,45.166666666666664,15,12SpacG11T
5,1224.8333333333333,15,12SpacG11T
0,99.63333333333334,16,12SpacG11T
1,257.3,16,12SpacG11T
2,64.93333333333334,16,12SpacG11T
3,64.9,16,12SpacG11T
4,80.23333333333333,16,12SpacG11T
5,61.3,16,12SpacG11T
6,2236.366666666667,16,12SpacG11T
7,181.96666666666667,16,12SpacG11T
8,68.9,16,12SpacG11T
9,62.8,16,12SpacG11T
10,142.76666666666668,16,12SpacG11T
11,95.53333333333333,16,12SpacG11T
0,121.76666666666667,17,12SpacG11T
1,190.5,17,12SpacG11T
2,1743.2,17,12SpacG11T
3,1596.8333333333333,17,12SpacG11T
0,59.36666666666667,18,12SpacG11T
1,63.2,18,12SpacG11T
2,687.2666666666667,18,12SpacG11T
3,303.1333333333333,18,12SpacG11T
4,1302.5,18,12SpacG11T
0,60.13333333333333,19,12SpacG11T
1,200.03333333333333,19,12SpacG11T
2,121.26666666666667,19,12SpacG11T
3,179.4,19,12SpacG11T
4,64.13333333333334,19,12SpacG11T
5,495.8666666666667,19,12SpacG11T
6,314.06666666666666,19,12SpacG11T
7,396.1,19,12SpacG11T
8,403.96666666666664,19,12SpacG11T
9,109.23333333333333,19,12SpacG11T
10,58.333333333333336,19,12SpacG11T
11,44.766666666666666,19,12SpacG11T
12,2211.1666666666665,19,12SpacG11T
13,1257.0333333333333,19,12SpacG11T
14,2458.266666666667,19,12SpacG11T
15,143.13333333333333,19,12SpacG11T
16,257.43333333333334,19,12SpacG11T
17,64.36666666666666,19,12SpacG11T
0,195.96666666666667,20,12SpacG11T
1,50.766666666666666,20,12SpacG11T
2,43.56666666666667,20,12SpacG11T
3,58.166666666666664,20,12SpacG11T
4,45.13333333333333,20,12SpacG11T
5,134.76666666666668,20,12SpacG11T
0,121.63333333333334,21,12SpacG11T
1,174.43333333333334,21,12SpacG11T
2,179.0,21,12SpacG11T
3,46.733333333333334,21,12SpacG11T
4,46.93333333333333,21,12SpacG11T
5,310.23333333333335,21,12SpacG11T
6,157.96666666666667,21,12SpacG11T
7,55.53333333333333,21,12SpacG11T
8,74.9,21,12SpacG11T
9,214.83333333333334,21,12SpacG11T
0,105.2,22,12SpacG11T
1,146.03333333333333,22,12SpacG11T
2,244.93333333333334,22,12SpacG11T
3,171.46666666666667,22,12SpacG11T
4,198.6,22,12SpacG11T
5,333.3666666666667,22,12SpacG11T
0,214.56666666666666,23,12SpacG11T
1,354.6333333333333,23,12SpacG11T
2,103.93333333333334,23,12SpacG11T
3,131.4,23,12SpacG11T
4,133.73333333333332,23,12SpacG11T
5,59.06666666666667,23,12SpacG11T
6,154.73333333333332,23,12SpacG11T
7,150.1,23,12SpacG11T
8,504.73333333333335,23,12SpacG11T
9,67.4,23,12SpacG11T
10,70.3,23,12SpacG11T
11,47.5,23,12SpacG11T
0,126.7,24,12SpacG11T
1,245.4,24,12SpacG11T
2,89.33333333333333,24,12SpacG11T
3,124.93333333333334,24,12SpacG11T
4,135.96666666666667,24,12SpacG11T
5,717.3,24,12SpacG11T
6,148.16666666666666,24,12SpacG11T
7,179.6,24,12SpacG11T
8,132.0,24,12SpacG11T
9,88.83333333333333,24,12SpacG11T
10,326.1,24,12SpacG11T
11,45.03333333333333,24,12SpacG11T
12,49.166666666666664,24,12SpacG11T
0,139.1,25,12SpacG11T
1,92.76666666666667,25,12SpacG11T
2,152.13333333333333,25,12SpacG11T
3,61.36666666666667,25,12SpacG11T
4,1325.9333333333334,25,12SpacG11T
5,75.4,25,12SpacG11T
6,55.53333333333333,25,12SpacG11T
7,135.7,25,12SpacG11T
0,43.86666666666667,26,12SpacG11T
1,473.3666666666667,26,12SpacG11T
2,152.83333333333334,26,12SpacG11T
0,65.43333333333334,27,12SpacG11T
1,212.73333333333332,27,12SpacG11T
2,96.96666666666667,27,12SpacG11T
3,43.56666666666667,27,12SpacG11T
4,77.93333333333334,27,12SpacG11T
0,549.3,28,12SpacG11T
1,201.33333333333334,28,12SpacG11T
2,152.53333333333333,28,12SpacG11T
3,1747.7,28,12SpacG11T
4,50.43333333333333,28,12SpacG11T
5,51.766666666666666,28,12SpacG11T
6,104.26666666666667,28,12SpacG11T
7,68.73333333333333,28,12SpacG11T
8,192.0,28,12SpacG11T
9,87.03333333333333,28,12SpacG11T
10,347.43333333333334,28,12SpacG11T
11,210.5,28,12SpacG11T
12,919.2666666666667,28,12SpacG11T
13,601.9333333333333,28,12SpacG11T
14,66.63333333333334,28,12SpacG11T
0,46.1,29,12SpacG11T
1,928.1,29,12SpacG11T
2,46.03333333333333,29,12SpacG11T
3,357.1666666666667,29,12SpacG11T
0,100.2,30,12SpacG11T
1,157.43333333333334,30,12SpacG11T
2,117.5,30,12SpacG11T
3,1086.4666666666667,30,12SpacG11T
4,522.1333333333333,30,12SpacG11T
5,323.8,30,12SpacG11T
0,117.1,31,12SpacG11T
1,85.73333333333333,31,12SpacG11T
2,60.36666666666667,31,12SpacG11T
3,44.766666666666666,31,12SpacG11T
4,68.63333333333334,31,12SpacG11T
5,118.9,31,12SpacG11T
6,336.9,31,12SpacG11T
7,235.5,31,12SpacG11T
8,76.1,31,12SpacG11T
9,156.2,31,12SpacG11T
10,128.46666666666667,31,12SpacG11T
11,138.16666666666666,31,12SpacG11T
12,240.56666666666666,31,12SpacG11T
13,168.2,31,12SpacG11T
14,58.53333333333333,31,12SpacG11T
15,80.33333333333333,31,12SpacG11T
16,128.3,31,12SpacG11T
17,2023.6666666666667,31,12SpacG11T
18,492.46666666666664,31,12SpacG11T
19,68.53333333333333,31,12SpacG11T
20,563.5,31,12SpacG11T
0,44.56666666666667,32,12SpacG11T
0,87.06666666666666,33,12SpacG11T
1,896.6666666666666,33,12SpacG11T
0,137.6,34,12SpacG11T
1,356.76666666666665,34,12SpacG11T
0,166.06666666666666,35,12SpacG11T
1,201.3,35,12SpacG11T
2,175.63333333333333,35,12SpacG11T
0,231.46666666666667,36,12SpacG11T
1,246.5,36,12SpacG11T
2,130.56666666666666,36,12SpacG11T
3,2316.366666666667,36,12SpacG11T
4,2680.0666666666666,36,12SpacG11T
5,2695.3,36,12SpacG11T
6,2403.1666666666665,36,12SpacG11T
7,106.0,36,12SpacG11T
8,1666.6666666666667,36,12SpacG11T
0,187.3,37,12SpacG11T
1,107.96666666666667,37,12SpacG11T
2,140.03333333333333,37,12SpacG11T
0,166.7,40,12SpacG11T
1,47.9,40,12SpacG11T
2,48.8,40,12SpacG11T
3,182.93333333333334,40,12SpacG11T
0,56.8,41,12SpacG11T
1,276.6,41,12SpacG11T
2,604.6,41,12SpacG11T
3,140.93333333333334,41,12SpacG11T
0,60.86666666666667,42,12SpacG11T
0,85.76666666666667,43,12SpacG11T
1,590.0666666666667,43,12SpacG11T
2,808.0333333333333,43,12SpacG11T
3,117.96666666666667,43,12SpacG11T
4,54.03333333333333,43,12SpacG11T
5,388.9,43,12SpacG11T
6,113.73333333333333,43,12SpacG11T
7,481.9,43,12SpacG11T
8,43.266666666666666,43,12SpacG11T
0,299.46666666666664,1,V8-18
0,123.96666666666667,2,V8-18
1,48.13333333333333,2,V8-18
2,44.233333333333334,2,V8-18
3,46.43333333333333,2,V8-18
0,683.9333333333333,1,DFL1613
1,54.733333333333334,1,DFL1613
2,85.06666666666666,1,DFL1613
3,164.8,1,DFL1613
4,54.63333333333333,1,DFL1613
0,181.36666666666667,2,DFL1613
1,50.3,2,DFL1613
2,96.23333333333333,2,DFL1613
3,57.233333333333334,2,DFL1613
4,921.3666666666667,2,DFL1613
5,103.26666666666667,2,DFL1613
6,133.4,2,DFL1613
7,217.0,2,DFL1613
0,123.7,3,DFL1613
1,145.03333333333333,3,DFL1613
2,51.36666666666667,3,DFL1613
3,66.6,3,DFL1613
4,145.56666666666666,3,DFL1613
5,89.0,3,DFL1613
6,47.3,3,DFL1613
7,169.9,3,DFL1613
8,81.5,3,DFL1613
9,44.43333333333333,3,DFL1613
10,97.2,3,DFL1613
11,111.43333333333334,3,DFL1613
12,85.36666666666666,3,DFL1613
13,101.86666666666666,3,DFL1613
14,244.1,3,DFL1613
15,358.93333333333334,3,DFL1613
16,45.666666666666664,3,DFL1613
17,45.36666666666667,3,DFL1613
18,137.3,3,DFL1613
19,170.9,3,DFL1613
20,94.76666666666667,3,DFL1613
21,83.8,3,DFL1613
22,64.53333333333333,3,DFL1613
23,185.16666666666666,3,DFL1613
0,114.26666666666667,1,V4-55
0,680.8666666666667,2,V4-55
1,228.2,2,V4-55
2,90.83333333333333,2,V4-55
3,66.96666666666667,2,V4-55
4,68.06666666666666,2,V4-55
5,94.93333333333334,2,V4-55
0,45.833333333333336,3,V4-55
1,441.06666666666666,3,V4-55
2,366.1333333333333,3,V4-55
3,228.7,3,V4-55
4,62.03333333333333,3,V4-55
5,565.6666666666666,3,V4-55
6,519.7333333333333,3,V4-55
7,172.13333333333333,3,V4-55
0,118.96666666666667,4,V4-55
1,1040.6333333333334,4,V4-55
2,87.53333333333333,4,V4-55
3,45.9,4,V4-55
4,61.56666666666667,4,V4-55
5,49.96666666666667,4,V4-55
0,403.56666666666666,1,V6-17
1,1666.7666666666667,1,V6-17
2,78.93333333333334,1,V6-17
3,54.8,1,V6-17
4,68.86666666666666,1,V6-17
5,121.83333333333333,1,V6-17
6,325.6333333333333,1,V6-17
7,106.83333333333333,1,V6-17
8,353.26666666666665,1,V6-17
9,65.53333333333333,1,V6-17
10,48.63333333333333,1,V6-17
11,53.7,1,V6-17
12,44.9,1,V6-17
13,54.36666666666667,1,V6-17
14,123.33333333333333,1,V6-17
0,933.0,2,V6-17
1,224.6,2,V6-17
0,44.96666666666667,3,V6-17
1,58.36666666666667,3,V6-17
2,56.666666666666664,3,V6-17
3,48.86666666666667,3,V6-17
4,108.06666666666666,3,V6-17
0,75.13333333333334,4,V6-17
1,116.36666666666666,4,V6-17
2,98.03333333333333,4,V6-17
3,113.63333333333334,4,V6-17
4,88.1,4,V6-17
5,142.53333333333333,4,V6-17
6,111.73333333333333,4,V6-17
7,79.93333333333334,4,V6-17
8,91.93333333333334,4,V6-17
9,44.93333333333333,4,V6-17
10,74.63333333333334,4,V6-17
11,154.2,4,V6-17
12,46.166666666666664,4,V6-17
13,196.6,4,V6-17
0,2929.3333333333335,1,12SpacT9C
1,710.0,1,12SpacT9C
2,62.0,1,12SpacT9C
3,66.93333333333334,1,12SpacT9C
4,102.96666666666667,1,12SpacT9C
5,564.0666666666667,1,12SpacT9C
6,103.6,1,12SpacT9C
7,80.66666666666667,1,12SpacT9C
8,420.73333333333335,1,12SpacT9C
0,1000.5,2,12SpacT9C
1,141.06666666666666,2,12SpacT9C
2,153.26666666666668,2,12SpacT9C
3,46.3,2,12SpacT9C
4,118.76666666666667,2,12SpacT9C
5,498.6333333333333,2,12SpacT9C
6,192.76666666666668,2,12SpacT9C
0,220.76666666666668,3,12SpacT9C
1,124.26666666666667,3,12SpacT9C
2,88.0,3,12SpacT9C
3,240.8,3,12SpacT9C
4,159.4,3,12SpacT9C
5,328.6666666666667,3,12SpacT9C
6,78.3,3,12SpacT9C
7,190.2,3,12SpacT9C
8,211.83333333333334,3,12SpacT9C
9,48.166666666666664,3,12SpacT9C
10,73.83333333333333,3,12SpacT9C
11,58.6,3,12SpacT9C
12,331.76666666666665,3,12SpacT9C
13,169.23333333333332,3,12SpacT9C
0,890.0,4,12SpacT9C
1,77.73333333333333,4,12SpacT9C
2,466.6666666666667,4,12SpacT9C
3,850.7,4,12SpacT9C
4,461.26666666666665,4,12SpacT9C
5,3139.0333333333333,4,12SpacT9C
6,44.9,4,12SpacT9C
7,43.766666666666666,4,12SpacT9C
8,118.9,4,12SpacT9C
9,172.1,4,12SpacT9C
0,116.43333333333334,1,12NonA5T
1,75.86666666666666,1,12NonA5T
2,89.46666666666667,1,12NonA5T
3,1042.0,1,12NonA5T
4,227.2,1,12NonA5T
5,727.2333333333333,1,12NonA5T
0,56.96666666666667,2,12NonA5T
1,104.13333333333334,2,12NonA5T
2,212.56666666666666,2,12NonA5T
3,1643.4,2,12NonA5T
4,395.3666666666667,2,12NonA5T
5,198.03333333333333,2,12NonA5T
6,353.26666666666665,2,12NonA5T
7,216.43333333333334,2,12NonA5T
8,110.66666666666667,2,12NonA5T
9,84.53333333333333,2,12NonA5T
0,182.73333333333332,3,12NonA5T
1,45.9,3,12NonA5T
2,77.1,3,12NonA5T
3,151.23333333333332,3,12NonA5T
4,160.13333333333333,3,12NonA5T
5,322.0,3,12NonA5T
6,129.8,3,12NonA5T
0,414.3666666666667,4,12NonA5T
1,108.2,4,12NonA5T
0,84.03333333333333,5,12NonA5T
1,72.4,5,12NonA5T
2,54.2,5,12NonA5T
3,226.33333333333334,5,12NonA5T
0,68.56666666666666,6,12NonA5T
0,81.63333333333334,7,12NonA5T
1,220.7,7,12NonA5T
2,189.63333333333333,7,12NonA5T
3,256.3333333333333,7,12NonA5T
4,72.1,7,12NonA5T
5,477.43333333333334,7,12NonA5T
6,64.2,7,12NonA5T
7,800.4,7,12NonA5T
8,493.7,7,12NonA5T
9,131.56666666666666,7,12NonA5T
10,316.93333333333334,7,12NonA5T
11,49.86666666666667,7,12NonA5T
12,152.8,7,12NonA5T
0,246.33333333333334,8,12NonA5T
1,215.36666666666667,8,12NonA5T
2,83.8,8,12NonA5T
3,48.0,8,12NonA5T
4,222.46666666666667,8,12NonA5T
5,159.96666666666667,8,12NonA5T
6,130.23333333333332,8,12NonA5T
7,620.5,8,12NonA5T
8,210.03333333333333,8,12NonA5T
9,371.1666666666667,8,12NonA5T
10,57.6,8,12NonA5T
11,92.4,8,12NonA5T
12,361.73333333333335,8,12NonA5T
13,137.73333333333332,8,12NonA5T
14,46.1,8,12NonA5T
15,316.1666666666667,8,12NonA5T
0,247.2,1,12SpacT9G
0,756.8,2,12SpacT9G
1,95.13333333333334,2,12SpacT9G
2,48.333333333333336,2,12SpacT9G
0,58.233333333333334,3,12SpacT9G
1,61.833333333333336,3,12SpacT9G
2,195.33333333333334,3,12SpacT9G
3,195.43333333333334,3,12SpacT9G
0,1020.3666666666667,1,12HeptG7C
1,430.53333333333336,1,12HeptG7C
2,64.53333333333333,1,12HeptG7C
3,231.83333333333334,1,12HeptG7C
4,90.83333333333333,1,12HeptG7C
5,323.46666666666664,1,12HeptG7C
6,55.06666666666667,1,12HeptG7C
0,44.13333333333333,2,12HeptG7C
1,296.06666666666666,2,12HeptG7C
2,206.13333333333333,2,12HeptG7C
3,123.06666666666666,2,12HeptG7C
0,633.3333333333334,3,12HeptG7C
1,626.5666666666667,3,12HeptG7C
2,1099.3333333333333,3,12HeptG7C
3,170.7,3,12HeptG7C
4,47.666666666666664,3,12HeptG7C
5,177.86666666666667,3,12HeptG7C
6,63.46666666666667,3,12HeptG7C
7,141.06666666666666,3,12HeptG7C
8,94.3,3,12HeptG7C
9,78.2,3,12HeptG7C
10,177.13333333333333,3,12HeptG7C
11,47.03333333333333,3,12HeptG7C
12,182.23333333333332,3,12HeptG7C
13,1057.9,3,12HeptG7C
14,79.53333333333333,3,12HeptG7C
15,310.46666666666664,3,12HeptG7C
0,47.06666666666667,1,12HeptT6A
0,61.1,2,12HeptT6A
0,47.5,4,12HeptT6A
0,43.93333333333333,7,12HeptT6A
0,187.73333333333332,3,12SpacA7G
1,56.5,3,12SpacA7G
2,105.3,3,12SpacA7G
3,71.33333333333333,3,12SpacA7G
4,44.13333333333333,3,12SpacA7G
0,54.766666666666666,4,12SpacA7G
1,333.1333333333333,4,12SpacA7G
2,267.06666666666666,4,12SpacA7G
0,46.6,5,12SpacA7G
1,93.6,5,12SpacA7G
0,337.8666666666667,6,12SpacA7G
1,115.8,6,12SpacA7G
0,1338.6333333333334,7,12SpacA7G
1,380.3333333333333,7,12SpacA7G
2,45.0,7,12SpacA7G
3,425.9,7,12SpacA7G
0,48.6,8,12SpacA7G
1,567.9666666666667,8,12SpacA7G
2,47.46666666666667,8,12SpacA7G
3,172.3,8,12SpacA7G
0,132.5,1,12SpacC4G
1,92.5,1,12SpacC4G
2,44.7,1,12SpacC4G
3,182.56666666666666,1,12SpacC4G
4,51.233333333333334,1,12SpacC4G
0,49.36666666666667,2,12SpacC4G
1,44.1,2,12SpacC4G
0,61.86666666666667,3,12SpacC4G
1,115.4,3,12SpacC4G
2,48.06666666666667,3,12SpacC4G
3,52.666666666666664,3,12SpacC4G
0,44.2,4,12SpacC4G
1,45.06666666666667,4,12SpacC4G
2,217.46666666666667,4,12SpacC4G
3,966.2666666666667,4,12SpacC4G
4,300.5,4,12SpacC4G
5,541.3,4,12SpacC4G
6,385.26666666666665,4,12SpacC4G
7,737.7,4,12SpacC4G
8,46.2,4,12SpacC4G
0,221.93333333333334,5,12SpacC4G
1,43.333333333333336,5,12SpacC4G
2,48.1,5,12SpacC4G
3,83.4,5,12SpacC4G
4,49.1,5,12SpacC4G
5,46.63333333333333,5,12SpacC4G
6,46.93333333333333,5,12SpacC4G
7,43.8,5,12SpacC4G
0,85.9,6,12SpacC4G
1,52.333333333333336,6,12SpacC4G
2,47.766666666666666,6,12SpacC4G
0,48.36666666666667,7,12SpacC4G
1,946.6333333333333,7,12SpacC4G
0,46.233333333333334,8,12SpacC4G
1,49.93333333333333,8,12SpacC4G
2,71.7,8,12SpacC4G
0,217.96666666666667,9,12SpacC4G
1,1207.4666666666667,9,12SpacC4G
2,45.266666666666666,9,12SpacC4G
0,96.1,10,12SpacC4G
1,45.2,10,12SpacC4G
2,128.0,10,12SpacC4G
3,46.4,10,12SpacC4G
0,215.93333333333334,1,V19-93
0,47.96666666666667,2,V19-93
1,47.96666666666667,2,V19-93
2,1513.4666666666667,2,V19-93
0,101.6,3,V19-93
1,108.46666666666667,3,V19-93
2,45.06666666666667,3,V19-93
3,107.13333333333334,3,V19-93
4,265.8,3,V19-93
0,209.33333333333334,4,V19-93
0,116.86666666666666,5,V19-93
1,210.43333333333334,5,V19-93
2,112.9,5,V19-93
3,193.26666666666668,5,V19-93
4,268.5,5,V19-93
0,179.73333333333332,6,V19-93
1,46.46666666666667,6,V19-93
0,50.7,7,V19-93
1,267.73333333333335,7,V19-93
2,63.8,7,V19-93
3,273.1333333333333,7,V19-93
4,724.8666666666667,7,V19-93
5,131.3,7,V19-93
0,776.5,8,V19-93
1,54.06666666666667,8,V19-93
2,84.93333333333334,8,V19-93
3,183.13333333333333,8,V19-93
0,211.26666666666668,9,V19-93
1,211.66666666666666,9,V19-93
2,104.93333333333334,9,V19-93
3,1404.3666666666666,9,V19-93
4,337.8666666666667,9,V19-93
5,376.76666666666665,9,V19-93
6,3148.6,9,V19-93
7,511.26666666666665,9,V19-93
8,117.73333333333333,9,V19-93
9,841.4333333333333,9,V19-93
0,83.1,10,V19-93
1,44.833333333333336,10,V19-93
2,148.7,10,V19-93
3,89.8,10,V19-93
4,168.33333333333334,10,V19-93
0,1521.1333333333334,11,V19-93
1,51.6,11,V19-93
0,382.8666666666667,12,V19-93
1,190.26666666666668,12,V19-93
0,62.1,13,V19-93
1,50.766666666666666,13,V19-93
2,5609.166666666667,13,V19-93
3,139.3,13,V19-93
4,65.33333333333333,13,V19-93
5,861.1,13,V19-93
6,622.9,13,V19-93
7,1532.5,13,V19-93
8,296.06666666666666,13,V19-93
0,1365.4,14,V19-93
1,85.66666666666667,14,V19-93
2,47.8,14,V19-93
3,285.6333333333333,14,V19-93
4,261.26666666666665,14,V19-93
0,89.53333333333333,1,12SpacA12C
1,687.4666666666667,1,12SpacA12C
0,48.733333333333334,2,12SpacA12C
0,247.86666666666667,3,12SpacA12C
1,73.5,3,12SpacA12C
0,291.23333333333335,4,12SpacA12C
1,54.266666666666666,4,12SpacA12C
2,80.96666666666667,4,12SpacA12C
3,89.6,4,12SpacA12C
4,125.5,4,12SpacA12C
0,101.6,5,12SpacA12C
1,292.03333333333336,5,12SpacA12C
0,53.46666666666667,6,12SpacA12C
1,278.6,6,12SpacA12C
2,1674.3666666666666,6,12SpacA12C
3,166.66666666666666,6,12SpacA12C
4,82.43333333333334,6,12SpacA12C
0,42.93333333333333,1,12NonA4T
1,156.53333333333333,1,12NonA4T
2,44.86666666666667,1,12NonA4T
0,2785.6666666666665,2,12NonA4T
1,76.7,2,12NonA4T
2,161.43333333333334,2,12NonA4T
3,369.73333333333335,2,12NonA4T
0,61.666666666666664,3,12NonA4T
1,228.0,3,12NonA4T
2,324.8333333333333,3,12NonA4T
3,507.56666666666666,3,12NonA4T
4,67.6,3,12NonA4T
0,3458.9333333333334,4,12NonA4T
0,78.3,1,12SpacC4T
1,281.1666666666667,1,12SpacC4T
0,289.76666666666665,2,12SpacC4T
1,54.93333333333333,2,12SpacC4T
2,44.46666666666667,2,12SpacC4T
3,68.73333333333333,2,12SpacC4T
0,979.4,4,12SpacC4T
1,64.76666666666667,4,12SpacC4T
2,140.46666666666667,4,12SpacC4T
3,145.33333333333334,4,12SpacC4T
4,333.06666666666666,4,12SpacC4T
5,334.3,4,12SpacC4T
6,693.8333333333334,4,12SpacC4T
7,87.36666666666666,4,12SpacC4T
0,45.63333333333333,5,12SpacC4T
0,45.833333333333336,6,12SpacC4T
1,51.166666666666664,6,12SpacC4T
2,50.06666666666667,6,12SpacC4T
3,48.8,6,12SpacC4T
4,56.666666666666664,6,12SpacC4T
0,1267.3333333333333,7,12SpacC4T
1,122.93333333333334,7,12SpacC4T
2,76.0,7,12SpacC4T
3,208.73333333333332,7,12SpacC4T
4,260.4,7,12SpacC4T
5,56.766666666666666,7,12SpacC4T
0,168.06666666666666,8,12SpacC4T
1,85.53333333333333,8,12SpacC4T
2,44.833333333333336,8,12SpacC4T
3,70.43333333333334,8,12SpacC4T
4,348.5,8,12SpacC4T
5,125.56666666666666,8,12SpacC4T
0,106.53333333333333,9,12SpacC4T
1,65.4,9,12SpacC4T
2,227.4,9,12SpacC4T
3,47.2,9,12SpacC4T
4,212.83333333333334,9,12SpacC4T
5,161.56666666666666,9,12SpacC4T
6,73.4,9,12SpacC4T
7,179.0,9,12SpacC4T
8,88.76666666666667,9,12SpacC4T
9,120.6,9,12SpacC4T
10,91.66666666666667,9,12SpacC4T
11,471.3666666666667,9,12SpacC4T
12,84.73333333333333,9,12SpacC4T
13,274.8,9,12SpacC4T
14,381.7,9,12SpacC4T
15,157.93333333333334,9,12SpacC4T
16,61.96666666666667,9,12SpacC4T
17,56.93333333333333,9,12SpacC4T
18,75.36666666666666,9,12SpacC4T
19,100.26666666666667,9,12SpacC4T
20,77.3,9,12SpacC4T
21,90.6,9,12SpacC4T
22,74.66666666666667,9,12SpacC4T
23,80.0,9,12SpacC4T
24,49.5,9,12SpacC4T
25,399.73333333333335,9,12SpacC4T
26,248.4,9,12SpacC4T
27,62.1,9,12SpacC4T
28,60.6,9,12SpacC4T
0,247.43333333333334,10,12SpacC4T
0,62.3,11,12SpacC4T
1,54.56666666666667,11,12SpacC4T
2,841.1333333333333,11,12SpacC4T
3,170.53333333333333,11,12SpacC4T
4,228.23333333333332,11,12SpacC4T
5,460.1,11,12SpacC4T
6,56.733333333333334,11,12SpacC4T
7,124.46666666666667,11,12SpacC4T
8,103.4,11,12SpacC4T
9,49.2,11,12SpacC4T
10,117.83333333333333,11,12SpacC4T
11,71.33333333333333,11,12SpacC4T
12,66.16666666666667,11,12SpacC4T
13,440.23333333333335,11,12SpacC4T
14,413.43333333333334,11,12SpacC4T
15,735.3333333333334,11,12SpacC4T
16,707.4,11,12SpacC4T
17,114.16666666666667,11,12SpacC4T
18,59.93333333333333,11,12SpacC4T
19,349.96666666666664,11,12SpacC4T
20,199.76666666666668,11,12SpacC4T
21,825.9,11,12SpacC4T
22,296.1333333333333,11,12SpacC4T
23,108.3,11,12SpacC4T
24,82.1,11,12SpacC4T
25,298.56666666666666,11,12SpacC4T
26,96.2,11,12SpacC4T
27,49.46666666666667,11,12SpacC4T
28,51.166666666666664,11,12SpacC4T
29,173.36666666666667,11,12SpacC4T
30,156.13333333333333,11,12SpacC4T
31,70.4,11,12SpacC4T
32,58.46666666666667,11,12SpacC4T
0,118.7,12,12SpacC4T
1,75.16666666666667,12,12SpacC4T
2,62.333333333333336,12,12SpacC4T
3,79.6,12,12SpacC4T
4,90.03333333333333,12,12SpacC4T
5,251.86666666666667,12,12SpacC4T
6,770.3333333333334,12,12SpacC4T
7,48.8,12,12SpacC4T
8,59.86666666666667,12,12SpacC4T
9,46.43333333333333,12,12SpacC4T
10,1214.5,12,12SpacC4T
11,196.4,12,12SpacC4T
12,110.4,12,12SpacC4T
13,84.3,12,12SpacC4T
14,116.93333333333334,12,12SpacC4T
15,85.33333333333333,12,12SpacC4T
16,135.7,12,12SpacC4T
17,62.06666666666667,12,12SpacC4T
18,96.4,12,12SpacC4T
19,260.23333333333335,12,12SpacC4T
20,410.6,12,12SpacC4T
21,78.96666666666667,12,12SpacC4T
22,410.5,12,12SpacC4T
0,161.3,13,12SpacC4T
1,2098.3,13,12SpacC4T
2,1259.6,13,12SpacC4T
3,58.666666666666664,13,12SpacC4T
4,111.0,13,12SpacC4T
5,745.1666666666666,13,12SpacC4T
6,486.1333333333333,13,12SpacC4T
7,387.1333333333333,13,12SpacC4T
8,76.46666666666667,13,12SpacC4T
9,1299.7,13,12SpacC4T
10,258.1333333333333,13,12SpacC4T
11,64.23333333333333,13,12SpacC4T
12,55.13333333333333,13,12SpacC4T
0,270.93333333333334,1,12SpacC8T
1,1459.2,1,12SpacC8T
0,147.93333333333334,2,12SpacC8T
0,50.266666666666666,4,12SpacC8T
1,47.3,4,12SpacC8T
2,47.46666666666667,4,12SpacC8T
3,235.7,4,12SpacC8T
0,144.76666666666668,5,12SpacC8T
1,43.2,5,12SpacC8T
0,681.8333333333334,6,12SpacC8T
1,52.766666666666666,6,12SpacC8T
0,212.2,7,12SpacC8T
1,45.13333333333333,7,12SpacC8T
2,103.86666666666666,7,12SpacC8T
0,49.13333333333333,3,12HeptT6AG7C
0,290.5,2,12SpacA7C
1,96.33333333333333,2,12SpacA7C
2,43.56666666666667,2,12SpacA7C
0,88.56666666666666,3,12SpacA7C
1,150.16666666666666,3,12SpacA7C
0,389.56666666666666,4,12SpacA7C
1,73.96666666666667,4,12SpacA7C
2,103.06666666666666,4,12SpacA7C
3,63.13333333333333,4,12SpacA7C
0,156.7,5,12SpacA7C
1,113.0,5,12SpacA7C
2,47.43333333333333,5,12SpacA7C
0,146.43333333333334,6,12SpacA7C
1,266.1,6,12SpacA7C
2,111.6,6,12SpacA7C
3,100.83333333333333,6,12SpacA7C
0,69.46666666666667,7,12SpacA7C
1,328.1333333333333,7,12SpacA7C
0,282.5,8,12SpacA7C
1,1098.9333333333334,8,12SpacA7C
2,168.43333333333334,8,12SpacA7C
3,146.9,8,12SpacA7C
4,129.2,8,12SpacA7C
5,2039.8666666666666,8,12SpacA7C
6,328.8666666666667,8,12SpacA7C
7,105.23333333333333,8,12SpacA7C
8,43.96666666666667,8,12SpacA7C
9,171.76666666666668,8,12SpacA7C
0,533.6666666666666,9,12SpacA7C
1,517.4,9,12SpacA7C
2,383.46666666666664,9,12SpacA7C
3,1265.0666666666666,9,12SpacA7C
4,83.96666666666667,9,12SpacA7C
5,217.43333333333334,9,12SpacA7C
6,91.06666666666666,9,12SpacA7C
0,52.3,1,WT12rss
1,117.2,1,WT12rss
2,49.8,1,WT12rss
3,52.53333333333333,1,WT12rss
4,643.9666666666667,1,WT12rss
5,44.53333333333333,1,WT12rss
6,303.2,1,WT12rss
7,43.7,1,WT12rss
8,45.53333333333333,1,WT12rss
9,109.83333333333333,1,WT12rss
10,59.766666666666666,1,WT12rss
11,43.43333333333333,1,WT12rss
12,1061.0,1,WT12rss
13,220.73333333333332,1,WT12rss
14,126.26666666666667,1,WT12rss
15,1429.9,1,WT12rss
16,98.33333333333333,1,WT12rss
0,614.1666666666666,2,WT12rss
1,88.93333333333334,2,WT12rss
2,141.1,2,WT12rss
3,71.46666666666667,2,WT12rss
4,106.6,2,WT12rss
5,49.06666666666667,2,WT12rss
6,43.8,2,WT12rss
7,44.96666666666667,2,WT12rss
8,72.13333333333334,2,WT12rss
9,45.8,2,WT12rss
0,167.63333333333333,3,WT12rss
1,119.53333333333333,3,WT12rss
2,46.13333333333333,3,WT12rss
3,876.3,3,WT12rss
4,46.666666666666664,3,WT12rss
5,241.93333333333334,3,WT12rss
6,52.96666666666667,3,WT12rss
7,59.2,3,WT12rss
8,538.3333333333334,3,WT12rss
9,125.23333333333333,3,WT12rss
10,63.4,3,WT12rss
0,98.23333333333333,4,WT12rss
1,133.46666666666667,4,WT12rss
2,70.13333333333334,4,WT12rss
3,102.46666666666667,4,WT12rss
4,161.66666666666666,4,WT12rss
5,193.23333333333332,4,WT12rss
0,161.06666666666666,5,WT12rss
1,122.7,5,WT12rss
2,262.0,5,WT12rss
3,47.666666666666664,5,WT12rss
4,537.7,5,WT12rss
5,92.46666666666667,5,WT12rss
6,44.43333333333333,5,WT12rss
7,639.2,5,WT12rss
8,255.73333333333332,5,WT12rss
9,64.16666666666667,5,WT12rss
0,1005.8333333333334,7,WT12rss
1,52.3,7,WT12rss
2,67.63333333333334,7,WT12rss
3,376.26666666666665,7,WT12rss
4,89.6,7,WT12rss
5,53.06666666666667,7,WT12rss
6,50.2,7,WT12rss
7,2469.5333333333333,7,WT12rss
8,46.63333333333333,7,WT12rss
9,101.5,7,WT12rss
0,611.0666666666667,8,WT12rss
1,147.3,8,WT12rss
0,48.266666666666666,9,WT12rss
1,1022.0,9,WT12rss
2,340.96666666666664,9,WT12rss
3,298.76666666666665,9,WT12rss
4,135.96666666666667,9,WT12rss
5,693.6,9,WT12rss
6,293.6666666666667,9,WT12rss
7,43.333333333333336,9,WT12rss
0,84.56666666666666,10,WT12rss
1,170.2,10,WT12rss
2,621.4333333333333,10,WT12rss
3,179.86666666666667,10,WT12rss
4,179.43333333333334,10,WT12rss
5,55.5,10,WT12rss
6,52.7,10,WT12rss
7,1135.4,10,WT12rss
8,85.7,10,WT12rss
9,80.23333333333333,10,WT12rss
10,262.26666666666665,10,WT12rss
0,125.13333333333334,11,WT12rss
1,109.1,11,WT12rss
2,926.6333333333333,11,WT12rss
3,147.7,11,WT12rss
4,305.53333333333336,11,WT12rss
0,46.2,12,WT12rss
0,142.2,13,WT12rss
1,75.0,13,WT12rss
2,72.63333333333334,13,WT12rss
3,45.9,13,WT12rss
4,43.7,13,WT12rss
0,138.03333333333333,14,WT12rss
1,54.46666666666667,14,WT12rss
0,129.13333333333333,15,WT12rss
1,68.26666666666667,15,WT12rss
2,179.63333333333333,15,WT12rss
3,174.1,15,WT12rss
0,411.3333333333333,16,WT12rss
1,85.43333333333334,16,WT12rss
2,45.3,16,WT12rss
3,52.5,16,WT12rss
0,410.1666666666667,17,WT12rss
1,404.3,17,WT12rss
2,58.3,17,WT12rss
3,115.93333333333334,17,WT12rss
4,61.233333333333334,17,WT12rss
5,68.33333333333333,17,WT12rss
6,80.66666666666667,17,WT12rss
7,46.3,17,WT12rss
8,75.06666666666666,17,WT12rss
0,71.2,18,WT12rss
1,73.8,18,WT12rss
0,210.26666666666668,19,WT12rss
1,45.8,19,WT12rss
2,226.3,19,WT12rss
3,223.76666666666668,19,WT12rss
4,247.63333333333333,19,WT12rss
5,184.96666666666667,19,WT12rss
6,337.73333333333335,19,WT12rss
7,49.43333333333333,19,WT12rss
8,73.6,19,WT12rss
9,57.06666666666667,19,WT12rss
10,81.43333333333334,19,WT12rss
11,130.36666666666667,19,WT12rss
12,54.833333333333336,19,WT12rss
0,95.43333333333334,20,WT12rss
1,58.93333333333333,20,WT12rss
2,188.13333333333333,20,WT12rss
3,92.36666666666666,20,WT12rss
4,45.03333333333333,20,WT12rss
5,59.06666666666667,20,WT12rss
6,99.13333333333334,20,WT12rss
7,78.2,20,WT12rss
8,50.56666666666667,20,WT12rss
0,1128.3,21,WT12rss
1,124.63333333333334,21,WT12rss
2,2734.1,21,WT12rss
3,283.53333333333336,21,WT12rss
4,53.6,21,WT12rss
5,176.96666666666667,21,WT12rss
6,93.3,21,WT12rss
7,405.3,21,WT12rss
8,253.73333333333332,21,WT12rss
9,221.86666666666667,21,WT12rss
10,144.46666666666667,21,WT12rss
11,52.43333333333333,21,WT12rss
12,801.9333333333333,21,WT12rss
0,49.266666666666666,22,WT12rss
1,194.06666666666666,22,WT12rss
0,84.86666666666666,23,WT12rss
1,107.3,23,WT12rss
2,316.03333333333336,23,WT12rss
3,721.4666666666667,23,WT12rss
4,349.73333333333335,23,WT12rss
0,83.76666666666667,24,WT12rss
1,126.7,24,WT12rss
2,110.6,24,WT12rss
3,45.9,24,WT12rss
4,619.2333333333333,24,WT12rss
5,898.6666666666666,24,WT12rss
6,45.96666666666667,24,WT12rss
7,48.8,24,WT12rss
8,413.5,24,WT12rss
0,109.03333333333333,25,WT12rss
1,119.6,25,WT12rss
2,183.6,25,WT12rss
3,92.46666666666667,25,WT12rss
0,84.56666666666666,26,WT12rss
1,49.93333333333333,26,WT12rss
2,228.6,26,WT12rss
3,712.0666666666667,26,WT12rss
4,156.53333333333333,26,WT12rss
5,65.3,26,WT12rss
6,55.7,26,WT12rss
0,49.333333333333336,27,WT12rss
1,47.8,27,WT12rss
2,171.7,27,WT12rss
0,268.1666666666667,1,V5-43
1,135.43333333333334,1,V5-43
2,1160.2,1,V5-43
3,259.3333333333333,1,V5-43
4,47.0,1,V5-43
5,195.5,1,V5-43
6,54.6,1,V5-43
7,149.03333333333333,1,V5-43
8,81.7,1,V5-43
9,129.13333333333333,1,V5-43
10,132.2,1,V5-43
11,76.9,1,V5-43
12,127.86666666666666,1,V5-43
0,43.7,2,V5-43
1,45.96666666666667,2,V5-43
2,50.8,2,V5-43
3,384.23333333333335,2,V5-43
4,1804.5,2,V5-43
5,57.2,2,V5-43
0,3644.9,4,V5-43
1,92.1,4,V5-43
0,1288.5,5,V5-43
1,974.5333333333333,5,V5-43
0,87.23333333333333,1,V6-15
1,1344.2666666666667,1,V6-15
2,567.0,1,V6-15
3,57.6,1,V6-15
4,60.36666666666667,1,V6-15
5,79.9,1,V6-15
0,851.9666666666667,2,V6-15
1,44.733333333333334,2,V6-15
0,109.36666666666666,3,V6-15
1,88.83333333333333,3,V6-15
2,149.2,3,V6-15
3,105.03333333333333,3,V6-15
0,103.4,4,V6-15
0,57.833333333333336,5,V6-15
1,47.3,5,V6-15
0,98.93333333333334,6,V6-15
1,63.9,6,V6-15
2,65.4,6,V6-15
0,48.93333333333333,7,V6-15
0,50.7,8,V6-15
1,46.03333333333333,8,V6-15
2,49.733333333333334,8,V6-15
0,61.2,9,V6-15
1,104.4,9,V6-15
2,64.33333333333333,9,V6-15
3,46.1,9,V6-15
4,380.6333333333333,9,V6-15
0,515.0,10,V6-15
1,391.6,10,V6-15
2,491.26666666666665,10,V6-15
3,113.26666666666667,10,V6-15
0,49.7,11,V6-15
1,58.96666666666667,11,V6-15
2,3411.8,11,V6-15
0,380.8333333333333,1,12HeptC3G
1,1357.0666666666666,1,12HeptC3G
2,46.666666666666664,1,12HeptC3G
3,114.3,1,12HeptC3G
4,104.4,1,12HeptC3G
5,45.96666666666667,1,12HeptC3G
6,64.83333333333333,1,12HeptC3G
7,65.7,1,12HeptC3G
8,45.0,1,12HeptC3G
0,112.16666666666667,2,12HeptC3G
1,62.3,2,12HeptC3G
2,992.7,2,12HeptC3G
3,46.166666666666664,2,12HeptC3G
4,92.36666666666666,2,12HeptC3G
5,248.83333333333334,2,12HeptC3G
6,43.06666666666667,2,12HeptC3G
7,140.53333333333333,2,12HeptC3G
8,84.46666666666667,2,12HeptC3G
9,44.36666666666667,2,12HeptC3G
10,43.5,2,12HeptC3G
0,43.86666666666667,3,12HeptC3G
1,109.6,3,12HeptC3G
2,105.86666666666666,3,12HeptC3G
3,141.4,3,12HeptC3G
4,112.6,3,12HeptC3G
5,86.13333333333334,3,12HeptC3G
6,43.03333333333333,3,12HeptC3G
7,50.833333333333336,3,12HeptC3G
8,93.96666666666667,3,12HeptC3G
9,124.26666666666667,3,12HeptC3G
0,53.266666666666666,4,12HeptC3G
1,44.86666666666667,4,12HeptC3G
2,111.4,4,12HeptC3G
3,413.73333333333335,4,12HeptC3G
4,59.0,4,12HeptC3G
5,43.233333333333334,4,12HeptC3G
6,79.7,4,12HeptC3G
7,43.9,4,12HeptC3G
8,43.0,4,12HeptC3G
9,61.86666666666667,4,12HeptC3G
0,249.53333333333333,5,12HeptC3G
1,98.16666666666667,5,12HeptC3G
2,103.9,5,12HeptC3G
3,67.6,5,12HeptC3G
4,54.766666666666666,5,12HeptC3G
5,90.53333333333333,5,12HeptC3G
6,209.16666666666666,5,12HeptC3G
7,63.43333333333333,5,12HeptC3G
8,85.76666666666667,5,12HeptC3G
9,429.26666666666665,5,12HeptC3G
10,264.96666666666664,5,12HeptC3G
11,277.56666666666666,5,12HeptC3G
12,46.7,5,12HeptC3G
0,54.3,7,12HeptC3G
1,89.06666666666666,7,12HeptC3G
2,2671.5,7,12HeptC3G
3,258.1333333333333,7,12HeptC3G
4,62.3,7,12HeptC3G
5,100.13333333333334,7,12HeptC3G
0,110.0,8,12HeptC3G
1,120.0,8,12HeptC3G
2,104.76666666666667,8,12HeptC3G
3,106.96666666666667,8,12HeptC3G
0,52.5,2,DFL161
1,45.13333333333333,2,DFL161
2,43.266666666666666,2,DFL161
0,43.8,3,DFL161
1,83.0,3,DFL161
2,77.2,3,DFL161
0,66.33333333333333,6,DFL161
1,492.3666666666667,6,DFL161
2,44.03333333333333,6,DFL161
3,298.1333333333333,6,DFL161
4,506.6666666666667,6,DFL161
0,474.1666666666667,2,12HeptC3T
1,90.8,2,12HeptC3T
2,90.66666666666667,2,12HeptC3T
3,49.166666666666664,2,12HeptC3T
4,135.5,2,12HeptC3T
5,44.36666666666667,2,12HeptC3T
6,45.7,2,12HeptC3T
0,506.23333333333335,4,12HeptC3T
1,44.46666666666667,4,12HeptC3T
2,54.36666666666667,4,12HeptC3T
3,467.3333333333333,4,12HeptC3T
4,193.96666666666667,4,12HeptC3T
5,69.93333333333334,4,12HeptC3T
6,106.43333333333334,4,12HeptC3T
7,50.63333333333333,4,12HeptC3T
0,1229.2,5,12HeptC3T
1,1862.5666666666666,5,12HeptC3T
2,296.06666666666666,5,12HeptC3T
3,138.13333333333333,5,12HeptC3T
4,58.733333333333334,5,12HeptC3T
5,219.0,5,12HeptC3T
6,126.56666666666666,5,12HeptC3T
7,310.1333333333333,5,12HeptC3T
8,422.96666666666664,5,12HeptC3T
0,99.13333333333334,6,12HeptC3T
1,301.73333333333335,6,12HeptC3T
2,305.4,6,12HeptC3T
3,110.56666666666666,6,12HeptC3T
4,190.3,6,12HeptC3T
5,115.73333333333333,6,12HeptC3T
6,121.2,6,12HeptC3T
7,56.63333333333333,6,12HeptC3T
8,47.8,6,12HeptC3T
9,984.3666666666667,6,12HeptC3T
10,971.0666666666667,6,12HeptC3T
11,164.43333333333334,6,12HeptC3T
12,418.06666666666666,6,12HeptC3T
13,48.86666666666667,6,12HeptC3T
14,2188.8,6,12HeptC3T
15,359.1,6,12HeptC3T
16,980.4333333333333,6,12HeptC3T
17,135.3,6,12HeptC3T
18,780.0666666666667,6,12HeptC3T
0,125.66666666666667,7,12HeptC3T
1,65.16666666666667,7,12HeptC3T
2,411.9,7,12HeptC3T
3,44.86666666666667,7,12HeptC3T
4,266.1333333333333,7,12HeptC3T
5,45.733333333333334,7,12HeptC3T
0,102.83333333333333,8,12HeptC3T
0,58.766666666666666,9,12HeptC3T
1,48.96666666666667,9,12HeptC3T
2,51.9,9,12HeptC3T
3,58.1,9,12HeptC3T
4,48.6,9,12HeptC3T
0,247.63333333333333,1,12SpacG10T
1,155.36666666666667,1,12SpacG10T
0,122.63333333333334,2,12SpacG10T
1,331.2,2,12SpacG10T
2,585.7666666666667,2,12SpacG10T
3,98.0,2,12SpacG10T
4,66.8,2,12SpacG10T
0,43.833333333333336,3,12SpacG10T
1,95.16666666666667,3,12SpacG10T
2,236.4,3,12SpacG10T
3,254.06666666666666,3,12SpacG10T
4,921.9,3,12SpacG10T
5,91.26666666666667,3,12SpacG10T
6,195.5,3,12SpacG10T
7,196.9,3,12SpacG10T
8,52.3,3,12SpacG10T
9,156.86666666666667,3,12SpacG10T
10,277.8666666666667,3,12SpacG10T
0,97.5,4,12SpacG10T
1,48.06666666666667,4,12SpacG10T
2,60.166666666666664,4,12SpacG10T
3,113.3,4,12SpacG10T
4,395.06666666666666,4,12SpacG10T
5,607.6,4,12SpacG10T
0,190.4,1,12SpacC1A
1,94.4,1,12SpacC1A
0,464.5,2,12SpacC1A
1,129.16666666666666,2,12SpacC1A
2,181.56666666666666,2,12SpacC1A
3,582.3666666666667,2,12SpacC1A
4,106.23333333333333,2,12SpacC1A
5,44.6,2,12SpacC1A
0,253.83333333333334,3,12SpacC1A
1,45.13333333333333,3,12SpacC1A
2,210.66666666666666,3,12SpacC1A
0,1422.3,4,12SpacC1A
1,51.833333333333336,4,12SpacC1A
0,44.06666666666667,5,12SpacC1A
1,51.03333333333333,5,12SpacC1A
2,57.1,5,12SpacC1A
3,48.46666666666667,5,12SpacC1A
4,691.2666666666667,5,12SpacC1A
5,116.16666666666667,5,12SpacC1A
6,269.6666666666667,5,12SpacC1A
7,172.36666666666667,5,12SpacC1A
8,208.1,5,12SpacC1A
9,88.06666666666666,5,12SpacC1A
10,80.23333333333333,5,12SpacC1A
11,79.7,5,12SpacC1A
12,428.03333333333336,5,12SpacC1A
13,61.5,5,12SpacC1A
14,66.43333333333334,5,12SpacC1A
15,169.26666666666668,5,12SpacC1A
16,163.46666666666667,5,12SpacC1A
17,84.4,5,12SpacC1A
18,312.7,5,12SpacC1A
0,96.66666666666667,6,12SpacC1A
1,262.3333333333333,6,12SpacC1A
2,50.43333333333333,6,12SpacC1A
3,314.7,6,12SpacC1A
4,1967.2666666666667,6,12SpacC1A
5,49.46666666666667,6,12SpacC1A
0,127.53333333333333,7,12SpacC1A
1,98.5,7,12SpacC1A
2,47.96666666666667,7,12SpacC1A
3,109.86666666666666,7,12SpacC1A
4,168.73333333333332,7,12SpacC1A
5,223.3,7,12SpacC1A
6,211.63333333333333,7,12SpacC1A
7,645.5,7,12SpacC1A
8,1069.6,7,12SpacC1A
9,105.0,7,12SpacC1A
10,99.0,7,12SpacC1A
11,66.5,7,12SpacC1A
12,80.7,7,12SpacC1A
13,253.56666666666666,7,12SpacC1A
0,53.0,1,12HeptG7A
1,279.2,1,12HeptG7A
0,177.03333333333333,2,12HeptG7A
1,48.766666666666666,2,12HeptG7A
0,154.0,3,12HeptG7A
1,83.9,3,12HeptG7A
2,200.3,3,12HeptG7A
3,144.36666666666667,3,12HeptG7A
4,79.23333333333333,3,12HeptG7A
0,50.46666666666667,4,12HeptG7A
1,124.5,4,12HeptG7A
2,48.13333333333333,4,12HeptG7A
0,525.1666666666666,5,12HeptG7A
1,354.96666666666664,5,12HeptG7A
2,56.03333333333333,5,12HeptG7A
3,88.03333333333333,5,12HeptG7A
4,1304.3666666666666,5,12HeptG7A
5,43.233333333333334,5,12HeptG7A
6,270.3333333333333,5,12HeptG7A
7,109.03333333333333,5,12HeptG7A
8,57.93333333333333,5,12HeptG7A
9,126.36666666666666,5,12HeptG7A
10,56.7,5,12HeptG7A
11,504.06666666666666,5,12HeptG7A
12,935.0666666666667,5,12HeptG7A
13,2327.6666666666665,5,12HeptG7A
0,58.53333333333333,6,12HeptG7A
1,205.13333333333333,6,12HeptG7A
2,3210.6,6,12HeptG7A
0,96.2,7,12HeptG7A
1,259.2,7,12HeptG7A
2,60.9,7,12HeptG7A
3,97.06666666666666,7,12HeptG7A
4,53.9,7,12HeptG7A
5,44.6,7,12HeptG7A
0,46.833333333333336,8,12HeptG7A
1,83.36666666666666,8,12HeptG7A
2,45.96666666666667,8,12HeptG7A
3,82.03333333333333,8,12HeptG7A
4,164.76666666666668,8,12HeptG7A
0,113.0,9,12HeptG7A
1,135.63333333333333,9,12HeptG7A
2,135.63333333333333,9,12HeptG7A
3,346.03333333333336,9,12HeptG7A
4,218.6,9,12HeptG7A
0,46.666666666666664,10,12HeptG7A
1,209.86666666666667,10,12HeptG7A
2,47.86666666666667,10,12HeptG7A
0,47.333333333333336,11,12HeptG7A
1,109.2,11,12HeptG7A
2,44.1,11,12HeptG7A
3,50.63333333333333,11,12HeptG7A
4,108.56666666666666,11,12HeptG7A
5,586.6,11,12HeptG7A
6,2872.4333333333334,11,12HeptG7A
7,67.46666666666667,11,12HeptG7A
8,189.46666666666667,11,12HeptG7A
9,72.03333333333333,11,12HeptG7A
10,67.96666666666667,11,12HeptG7A
11,240.5,11,12HeptG7A
12,65.26666666666667,11,12HeptG7A
0,61.53333333333333,12,12HeptG7A
1,49.3,12,12HeptG7A
2,55.13333333333333,12,12HeptG7A
3,75.1,12,12HeptG7A
4,264.6666666666667,12,12HeptG7A
0,1319.7,13,12HeptG7A
0,47.13333333333333,14,12HeptG7A
1,89.1,14,12HeptG7A
2,2065.0,14,12HeptG7A
3,44.5,14,12HeptG7A
4,205.46666666666667,14,12HeptG7A
0,204.93333333333334,15,12HeptG7A
1,572.6333333333333,15,12HeptG7A
2,164.26666666666668,15,12HeptG7A
3,47.233333333333334,15,12HeptG7A
4,43.333333333333336,15,12HeptG7A
5,468.56666666666666,15,12HeptG7A
0,236.33333333333334,16,12HeptG7A
1,42.96666666666667,16,12HeptG7A
2,674.6333333333333,16,12HeptG7A
3,1224.7666666666667,16,12HeptG7A
4,79.1,16,12HeptG7A
0,180.9,17,12HeptG7A
1,46.43333333333333,17,12HeptG7A
0,147.03333333333333,19,12HeptG7A
1,294.8666666666667,19,12HeptG7A
2,109.3,19,12HeptG7A
3,50.2,19,12HeptG7A
4,45.333333333333336,19,12HeptG7A
5,596.7333333333333,19,12HeptG7A
6,47.666666666666664,19,12HeptG7A
0,44.53333333333333,1,12SpacG11C
1,109.56666666666666,1,12SpacG11C
2,46.0,1,12SpacG11C
3,176.56666666666666,1,12SpacG11C
4,107.13333333333334,1,12SpacG11C
0,133.1,2,12SpacG11C
1,46.43333333333333,2,12SpacG11C
2,2522.266666666667,2,12SpacG11C
3,425.73333333333335,2,12SpacG11C
4,523.7666666666667,2,12SpacG11C
5,122.7,2,12SpacG11C
6,140.96666666666667,2,12SpacG11C
7,361.8666666666667,2,12SpacG11C
8,114.13333333333334,2,12SpacG11C
0,43.766666666666666,3,12SpacG11C
1,71.83333333333333,3,12SpacG11C
2,68.56666666666666,3,12SpacG11C
3,43.43333333333333,3,12SpacG11C
4,51.56666666666667,3,12SpacG11C
5,72.03333333333333,3,12SpacG11C
6,77.5,3,12SpacG11C
7,76.1,3,12SpacG11C
8,180.26666666666668,3,12SpacG11C
9,52.6,3,12SpacG11C
10,56.8,3,12SpacG11C
11,86.4,3,12SpacG11C
0,196.76666666666668,4,12SpacG11C
1,65.46666666666667,4,12SpacG11C
2,43.766666666666666,4,12SpacG11C
0,257.96666666666664,1,12NonC9T
1,291.53333333333336,1,12NonC9T
2,65.43333333333334,1,12NonC9T
3,73.03333333333333,1,12NonC9T
0,102.86666666666666,2,12NonC9T
0,232.53333333333333,3,12NonC9T
1,70.4,3,12NonC9T
2,49.333333333333336,3,12NonC9T
0,130.23333333333332,4,12NonC9T
1,388.8666666666667,4,12NonC9T
2,94.66666666666667,4,12NonC9T
0,83.96666666666667,5,12NonC9T
1,116.26666666666667,5,12NonC9T
2,115.26666666666667,5,12NonC9T
0,228.4,6,12NonC9T
1,2006.5666666666666,6,12NonC9T
2,54.4,6,12NonC9T
3,101.3,6,12NonC9T
4,82.16666666666667,6,12NonC9T
5,63.8,6,12NonC9T
6,66.03333333333333,6,12NonC9T
7,81.2,6,12NonC9T
0,121.86666666666666,1,12HeptG7T
0,218.33333333333334,2,12HeptG7T
1,1064.0666666666666,2,12HeptG7T
2,2429.8,2,12HeptG7T
3,2974.4333333333334,2,12HeptG7T
4,93.4,2,12HeptG7T
0,66.1,3,12HeptG7T
1,74.1,3,12HeptG7T
2,189.83333333333334,3,12HeptG7T
3,557.7666666666667,3,12HeptG7T
4,75.73333333333333,3,12HeptG7T
5,217.76666666666668,3,12HeptG7T
6,565.5333333333333,3,12HeptG7T
0,44.6,4,12HeptG7T
1,139.16666666666666,4,12HeptG7T
2,168.63333333333333,4,12HeptG7T
3,253.96666666666667,4,12HeptG7T
0,243.9,5,12HeptG7T
1,2741.4666666666667,5,12HeptG7T
2,49.4,5,12HeptG7T
3,138.03333333333333,5,12HeptG7T
0,65.5,6,12HeptG7T
1,156.2,6,12HeptG7T
2,47.4,6,12HeptG7T
3,62.93333333333333,6,12HeptG7T
4,56.7,6,12HeptG7T
5,976.7,6,12HeptG7T
6,970.7,6,12HeptG7T
7,43.2,6,12HeptG7T
0,332.6,7,12HeptG7T
1,54.13333333333333,7,12HeptG7T
2,131.86666666666667,7,12HeptG7T
3,367.6,7,12HeptG7T
4,65.0,7,12HeptG7T
5,48.13333333333333,7,12HeptG7T
6,222.9,7,12HeptG7T
7,1469.0666666666666,7,12HeptG7T
8,256.06666666666666,7,12HeptG7T
9,46.6,7,12HeptG7T
10,544.2333333333333,7,12HeptG7T
0,618.6,8,12HeptG7T
0,55.266666666666666,11,12HeptG7T
1,111.5,11,12HeptG7T
2,542.0,11,12HeptG7T
3,52.86666666666667,11,12HeptG7T
4,1131.7333333333333,11,12HeptG7T
5,43.53333333333333,11,12HeptG7T
6,49.0,11,12HeptG7T
7,3153.1666666666665,11,12HeptG7T
0,43.2,12,12HeptG7T
0,574.9666666666667,1,12SpacG10A
1,78.0,1,12SpacG10A
2,142.2,1,12SpacG10A
3,2725.0666666666666,1,12SpacG10A
4,170.76666666666668,1,12SpacG10A
5,45.166666666666664,1,12SpacG10A
0,187.5,2,12SpacG10A
1,220.96666666666667,2,12SpacG10A
2,66.0,2,12SpacG10A
3,166.0,2,12SpacG10A
4,114.7,2,12SpacG10A
5,91.83333333333333,2,12SpacG10A
6,173.4,2,12SpacG10A
7,67.83333333333333,2,12SpacG10A
8,46.63333333333333,2,12SpacG10A
9,47.86666666666667,2,12SpacG10A
10,160.76666666666668,2,12SpacG10A
11,73.7,2,12SpacG10A
0,415.6333333333333,3,12SpacG10A
1,1806.7666666666667,3,12SpacG10A
2,74.63333333333334,3,12SpacG10A
3,163.46666666666667,3,12SpacG10A
4,62.666666666666664,3,12SpacG10A
5,4171.2,3,12SpacG10A
6,50.43333333333333,3,12SpacG10A
7,213.56666666666666,3,12SpacG10A
8,52.1,3,12SpacG10A
9,104.6,3,12SpacG10A
10,274.4,3,12SpacG10A
0,141.7,4,12SpacG10A
1,122.4,4,12SpacG10A
2,55.9,4,12SpacG10A
3,1059.0333333333333,4,12SpacG10A
4,126.13333333333334,4,12SpacG10A
5,48.833333333333336,4,12SpacG10A
6,384.7,4,12SpacG10A
7,198.43333333333334,4,12SpacG10A
8,47.233333333333334,4,12SpacG10A
0,87.06666666666666,5,12SpacG10A
1,44.46666666666667,5,12SpacG10A
2,3609.4,5,12SpacG10A
3,44.43333333333333,5,12SpacG10A
4,51.7,5,12SpacG10A
5,47.9,5,12SpacG10A
6,63.53333333333333,5,12SpacG10A
7,129.53333333333333,5,12SpacG10A
0,140.63333333333333,6,12SpacG10A
1,386.53333333333336,6,12SpacG10A
2,464.2,6,12SpacG10A
3,549.1666666666666,6,12SpacG10A
4,646.5333333333333,6,12SpacG10A
5,110.96666666666667,6,12SpacG10A
0,48.03333333333333,7,12SpacG10A
1,199.06666666666666,7,12SpacG10A
2,218.46666666666667,7,12SpacG10A
3,62.7,7,12SpacG10A
4,58.06666666666667,7,12SpacG10A
5,45.9,7,12SpacG10A
6,53.46666666666667,7,12SpacG10A
7,53.96666666666667,7,12SpacG10A
8,138.33333333333334,7,12SpacG10A
9,94.6,7,12SpacG10A
10,478.56666666666666,7,12SpacG10A
11,218.1,7,12SpacG10A
12,86.33333333333333,7,12SpacG10A
0,126.0,8,12SpacG10A
1,51.53333333333333,8,12SpacG10A
2,48.43333333333333,8,12SpacG10A
0,95.3,9,12SpacG10A
0,50.166666666666664,10,12SpacG10A
1,47.833333333333336,10,12SpacG10A
2,45.166666666666664,10,12SpacG10A
0,296.23333333333335,1,V10-96
0,48.5,2,V10-96
1,3228.1666666666665,2,V10-96
2,146.03333333333333,2,V10-96
3,141.46666666666667,2,V10-96
4,449.96666666666664,2,V10-96
5,614.9333333333333,2,V10-96
6,174.9,2,V10-96
7,524.0666666666667,2,V10-96
8,127.93333333333334,2,V10-96
9,68.6,2,V10-96
10,1170.2,2,V10-96
11,43.166666666666664,2,V10-96
12,126.03333333333333,2,V10-96
0,115.33333333333333,3,V10-96
1,139.13333333333333,3,V10-96
2,92.4,3,V10-96
3,48.43333333333333,3,V10-96
4,519.7333333333333,3,V10-96
5,3214.0333333333333,3,V10-96
6,1956.0,3,V10-96
7,1344.1666666666667,3,V10-96
8,48.0,3,V10-96
0,48.0,4,V10-96
1,2997.2,4,V10-96
2,3102.4,4,V10-96
3,76.63333333333334,4,V10-96
4,418.1666666666667,4,V10-96
5,1011.1666666666666,4,V10-96
6,1076.5666666666666,4,V10-96
7,133.8,4,V10-96
8,45.53333333333333,4,V10-96
0,135.8,2,12HeptG5A
1,63.93333333333333,2,12HeptG5A
2,892.5666666666667,2,12HeptG5A
3,211.93333333333334,2,12HeptG5A
0,46.4,4,12HeptG5A
0,270.3333333333333,5,12HeptG5A
0,48.666666666666664,6,12HeptG5A
0,1418.0,7,12HeptG5A
1,110.7,7,12HeptG5A
2,703.7333333333333,7,12HeptG5A
3,586.9,7,12HeptG5A
4,766.7333333333333,7,12HeptG5A
5,67.5,7,12HeptG5A
6,232.26666666666668,7,12HeptG5A
0,358.76666666666665,1,12NonA1G
1,102.46666666666667,1,12NonA1G
2,60.8,1,12NonA1G
3,185.73333333333332,1,12NonA1G
4,43.3,1,12NonA1G
5,65.33333333333333,1,12NonA1G
6,47.63333333333333,1,12NonA1G
7,688.3333333333334,1,12NonA1G
8,3196.5666666666666,1,12NonA1G
0,277.3,2,12NonA1G
1,114.53333333333333,2,12NonA1G
2,592.6666666666666,2,12NonA1G
3,92.93333333333334,2,12NonA1G
4,54.96666666666667,2,12NonA1G
0,535.0,3,12NonA1G
1,55.46666666666667,3,12NonA1G
2,172.7,3,12NonA1G
3,74.36666666666666,3,12NonA1G
4,334.53333333333336,3,12NonA1G
0,171.66666666666666,4,12NonA1G
1,47.53333333333333,4,12NonA1G
2,71.1,4,12NonA1G
3,113.83333333333333,4,12NonA1G
4,106.4,4,12NonA1G
5,138.26666666666668,4,12NonA1G
0,50.733333333333334,5,12NonA1G
1,142.93333333333334,5,12NonA1G
2,83.26666666666667,5,12NonA1G
3,50.166666666666664,5,12NonA1G
4,72.6,5,12NonA1G
5,264.6333333333333,5,12NonA1G
6,51.46666666666667,5,12NonA1G
7,45.9,5,12NonA1G
8,104.23333333333333,5,12NonA1G
9,303.7,5,12NonA1G
10,59.86666666666667,5,12NonA1G
11,55.8,5,12NonA1G
12,113.9,5,12NonA1G
13,52.1,5,12NonA1G
14,219.7,5,12NonA1G
15,982.6333333333333,5,12NonA1G
16,581.4333333333333,5,12NonA1G
17,739.8333333333334,5,12NonA1G
18,1101.6,5,12NonA1G
19,403.3333333333333,5,12NonA1G
20,523.6333333333333,5,12NonA1G
21,1118.3333333333333,5,12NonA1G
22,551.0666666666667,5,12NonA1G
23,580.7666666666667,5,12NonA1G
0,52.266666666666666,6,12NonA1G
1,129.93333333333334,6,12NonA1G
2,112.06666666666666,6,12NonA1G
3,79.93333333333334,6,12NonA1G
4,98.23333333333333,6,12NonA1G
5,177.3,6,12NonA1G
6,56.56666666666667,6,12NonA1G
7,127.83333333333333,6,12NonA1G
8,974.8666666666667,6,12NonA1G
9,575.1,6,12NonA1G
10,64.66666666666667,6,12NonA1G
0,82.23333333333333,7,12NonA1G
1,94.5,7,12NonA1G
2,46.46666666666667,7,12NonA1G
3,75.66666666666667,7,12NonA1G
4,94.46666666666667,7,12NonA1G
5,251.5,7,12NonA1G
0,54.63333333333333,8,12NonA1G
1,66.83333333333333,8,12NonA1G
2,118.23333333333333,8,12NonA1G
0,278.43333333333334,9,12NonA1G
1,680.9,9,12NonA1G
2,79.53333333333333,9,12NonA1G
3,899.2,9,12NonA1G
4,42.93333333333333,9,12NonA1G
0,3496.366666666667,10,12NonA1G
1,272.7,10,12NonA1G
0,288.0,11,12NonA1G
1,46.166666666666664,11,12NonA1G
2,61.46666666666667,11,12NonA1G
3,49.7,11,12NonA1G
4,43.5,11,12NonA1G
5,74.03333333333333,11,12NonA1G
6,55.93333333333333,11,12NonA1G
0,52.96666666666667,12,12NonA1G
0,52.5,13,12NonA1G
0,73.13333333333334,14,12NonA1G
1,47.666666666666664,14,12NonA1G
2,94.3,14,12NonA1G
3,58.666666666666664,14,12NonA1G
4,358.43333333333334,14,12NonA1G
5,68.6,14,12NonA1G
6,92.33333333333333,14,12NonA1G
7,301.6,14,12NonA1G
8,175.56666666666666,14,12NonA1G
9,68.6,14,12NonA1G
10,116.9,14,12NonA1G
0,215.36666666666667,15,12NonA1G
1,46.1,15,12NonA1G
2,1027.1666666666667,15,12NonA1G
0,113.23333333333333,16,12NonA1G
0,201.53333333333333,17,12NonA1G
0,52.333333333333336,18,12NonA1G
1,368.6,18,12NonA1G
2,50.766666666666666,18,12NonA1G
3,282.1,18,12NonA1G
4,102.86666666666666,18,12NonA1G
5,77.93333333333334,18,12NonA1G
6,124.23333333333333,18,12NonA1G
7,878.8333333333334,18,12NonA1G
8,258.8333333333333,18,12NonA1G
9,407.7,18,12NonA1G
10,120.63333333333334,18,12NonA1G
11,285.6666666666667,18,12NonA1G
12,43.46666666666667,18,12NonA1G
0,67.1,19,12NonA1G
1,173.43333333333334,19,12NonA1G
2,46.6,19,12NonA1G
3,374.26666666666665,19,12NonA1G
4,62.166666666666664,19,12NonA1G
0,233.36666666666667,1,12SpacC1G
1,69.8,1,12SpacC1G
2,69.36666666666666,1,12SpacC1G
0,1902.9333333333334,2,12SpacC1G
1,670.1,2,12SpacC1G
2,235.8,2,12SpacC1G
3,97.56666666666666,2,12SpacC1G
4,2130.1,2,12SpacC1G
0,47.0,3,12SpacC1G
1,421.8333333333333,3,12SpacC1G
2,101.43333333333334,3,12SpacC1G
3,323.1333333333333,3,12SpacC1G
0,53.8,4,12SpacC1G
1,81.43333333333334,4,12SpacC1G
2,560.9333333333333,4,12SpacC1G
3,102.26666666666667,4,12SpacC1G
4,326.06666666666666,4,12SpacC1G
5,111.9,4,12SpacC1G
0,46.96666666666667,1,12HeptT6CG7A
0,45.3,4,12HeptT6CG7A
0,47.86666666666667,1,12SpacG10CG11A
1,63.86666666666667,1,12SpacG10CG11A
2,285.03333333333336,1,12SpacG10CG11A
3,44.06666666666667,1,12SpacG10CG11A
4,401.5,1,12SpacG10CG11A
5,226.33333333333334,1,12SpacG10CG11A
0,161.76666666666668,2,12SpacG10CG11A
1,617.6333333333333,2,12SpacG10CG11A
2,76.86666666666666,2,12SpacG10CG11A
0,200.46666666666667,3,12SpacG10CG11A
1,160.36666666666667,3,12SpacG10CG11A
2,182.93333333333334,3,12SpacG10CG11A
0,603.3333333333334,4,12SpacG10CG11A
1,1204.3666666666666,4,12SpacG10CG11A
0,113.6,5,12SpacG10CG11A
0,171.2,6,12SpacG10CG11A
1,1181.6666666666667,6,12SpacG10CG11A
2,165.43333333333334,6,12SpacG10CG11A
3,135.1,6,12SpacG10CG11A
4,152.73333333333332,6,12SpacG10CG11A
5,258.3333333333333,6,12SpacG10CG11A
0,86.6,7,12SpacG10CG11A
1,50.63333333333333,7,12SpacG10CG11A
2,46.333333333333336,7,12SpacG10CG11A
0,44.766666666666666,1,12NonA4C
1,46.86666666666667,1,12NonA4C
2,320.73333333333335,1,12NonA4C
0,105.53333333333333,2,12NonA4C
1,68.93333333333334,2,12NonA4C
2,87.93333333333334,2,12NonA4C
0,101.26666666666667,3,12NonA4C
1,692.1666666666666,3,12NonA4C
2,58.233333333333334,3,12NonA4C
3,111.6,3,12NonA4C
0,64.06666666666666,4,12NonA4C
1,83.6,4,12NonA4C
2,46.63333333333333,4,12NonA4C
3,72.23333333333333,4,12NonA4C
4,806.8666666666667,4,12NonA4C
0,67.63333333333334,5,12NonA4C
0,43.06666666666667,6,12NonA4C
1,910.8333333333334,6,12NonA4C
2,45.9,6,12NonA4C
3,50.166666666666664,6,12NonA4C
4,50.266666666666666,6,12NonA4C
5,43.96666666666667,6,12NonA4C
6,164.66666666666666,6,12NonA4C
0,1926.2333333333333,7,12NonA4C
0,244.06666666666666,8,12NonA4C
1,242.1,8,12NonA4C
2,88.56666666666666,8,12NonA4C
3,45.766666666666666,8,12NonA4C
0,45.36666666666667,9,12NonA4C
0,46.36666666666667,10,12NonA4C
1,46.46666666666667,10,12NonA4C
0,47.43333333333333,15,12NonA4C
1,61.9,15,12NonA4C
2,135.76666666666668,15,12NonA4C
0,83.8,16,12NonA4C
0,44.666666666666664,17,12NonA4C
0,463.6333333333333,1,12SpacA3T
1,80.23333333333333,1,12SpacA3T
2,802.3666666666667,1,12SpacA3T
3,426.43333333333334,1,12SpacA3T
0,164.06666666666666,2,12SpacA3T
1,306.03333333333336,2,12SpacA3T
2,77.83333333333333,2,12SpacA3T
3,70.96666666666667,2,12SpacA3T
4,380.56666666666666,2,12SpacA3T
5,61.96666666666667,2,12SpacA3T
6,61.53333333333333,2,12SpacA3T
7,163.16666666666666,2,12SpacA3T
8,56.13333333333333,2,12SpacA3T
9,67.76666666666667,2,12SpacA3T
10,53.266666666666666,2,12SpacA3T
0,84.26666666666667,3,12SpacA3T
1,149.93333333333334,3,12SpacA3T
0,135.16666666666666,4,12SpacA3T
1,137.26666666666668,4,12SpacA3T
2,206.56666666666666,4,12SpacA3T
3,44.3,4,12SpacA3T
4,199.46666666666667,4,12SpacA3T
0,71.36666666666666,5,12SpacA3T
1,55.4,5,12SpacA3T
0,1010.2,6,12SpacA3T
1,161.2,6,12SpacA3T
0,76.53333333333333,7,12SpacA3T
1,154.4,7,12SpacA3T
2,89.8,7,12SpacA3T
3,55.63333333333333,7,12SpacA3T
0,121.8,1,12SpacG11A
1,145.9,1,12SpacG11A
2,119.1,1,12SpacG11A
3,210.13333333333333,1,12SpacG11A
4,730.1333333333333,1,12SpacG11A
5,298.8666666666667,1,12SpacG11A
6,66.6,1,12SpacG11A
7,71.06666666666666,1,12SpacG11A
8,79.63333333333334,1,12SpacG11A
9,1559.7333333333333,1,12SpacG11A
10,1682.8,1,12SpacG11A
11,457.6,1,12SpacG11A
12,112.83333333333333,1,12SpacG11A
13,211.4,1,12SpacG11A
14,350.26666666666665,1,12SpacG11A
0,490.03333333333336,2,12SpacG11A
1,45.03333333333333,2,12SpacG11A
2,124.7,2,12SpacG11A
3,178.96666666666667,2,12SpacG11A
4,99.16666666666667,2,12SpacG11A
5,162.2,2,12SpacG11A
0,44.03333333333333,3,12SpacG11A
1,149.73333333333332,3,12SpacG11A
2,95.53333333333333,3,12SpacG11A
3,47.9,3,12SpacG11A
0,1867.0333333333333,4,12SpacG11A
0,48.13333333333333,5,12SpacG11A
1,44.63333333333333,5,12SpacG11A
0,43.56666666666667,6,12SpacG11A
1,68.26666666666667,6,12SpacG11A
2,1617.2333333333333,6,12SpacG11A
0,85.06666666666666,8,12SpacG11A
1,157.6,8,12SpacG11A
0,94.06666666666666,1,12SpacA12T
1,377.5,1,12SpacA12T
2,143.03333333333333,1,12SpacA12T
0,1299.4,3,12SpacA12T
1,600.1666666666666,3,12SpacA12T
2,69.36666666666666,3,12SpacA12T
3,108.66666666666667,3,12SpacA12T
4,72.76666666666667,3,12SpacA12T
5,43.03333333333333,3,12SpacA12T
6,64.83333333333333,3,12SpacA12T
7,51.93333333333333,3,12SpacA12T
8,513.3333333333334,3,12SpacA12T
9,47.4,3,12SpacA12T
10,80.5,3,12SpacA12T
11,134.43333333333334,3,12SpacA12T
0,200.86666666666667,4,12SpacA12T
1,45.233333333333334,4,12SpacA12T
2,53.0,4,12SpacA12T
3,130.7,4,12SpacA12T
4,75.83333333333333,4,12SpacA12T
5,46.9,4,12SpacA12T
0,95.2,5,12SpacA12T
1,1932.1666666666667,5,12SpacA12T
2,47.56666666666667,5,12SpacA12T
3,46.4,5,12SpacA12T
4,49.46666666666667,5,12SpacA12T
5,79.86666666666666,5,12SpacA12T
6,738.3,5,12SpacA12T
7,90.2,5,12SpacA12T
0,205.63333333333333,1,12SpacA3G
1,2037.0333333333333,1,12SpacA3G
0,46.666666666666664,2,12SpacA3G
1,45.3,2,12SpacA3G
2,53.6,2,12SpacA3G
3,45.166666666666664,2,12SpacA3G
4,51.7,2,12SpacA3G
5,64.6,2,12SpacA3G
0,1805.8333333333333,3,12SpacA3G
1,165.5,3,12SpacA3G
2,128.26666666666668,3,12SpacA3G
3,194.83333333333334,3,12SpacA3G
0,90.7,4,12SpacA3G
1,1365.8333333333333,4,12SpacA3G
2,181.76666666666668,4,12SpacA3G
3,159.03333333333333,4,12SpacA3G
4,108.46666666666667,4,12SpacA3G
5,278.0,4,12SpacA3G
6,63.53333333333333,4,12SpacA3G
7,118.4,4,12SpacA3G
8,156.46666666666667,4,12SpacA3G
0,59.1,5,12SpacA3G
1,106.73333333333333,5,12SpacA3G
2,107.56666666666666,5,12SpacA3G
3,337.1,5,12SpacA3G
4,78.83333333333333,5,12SpacA3G
5,49.06666666666667,5,12SpacA3G
6,188.73333333333332,5,12SpacA3G
7,103.33333333333333,5,12SpacA3G
8,46.6,5,12SpacA3G
0,315.8,6,12SpacA3G
1,1224.7,6,12SpacA3G
2,823.0333333333333,6,12SpacA3G
3,54.93333333333333,6,12SpacA3G
4,57.333333333333336,6,12SpacA3G
5,45.0,6,12SpacA3G
6,1210.0,6,12SpacA3G
7,70.46666666666667,6,12SpacA3G
8,131.66666666666666,6,12SpacA3G
0,73.43333333333334,1,12SpacG6T
1,106.03333333333333,1,12SpacG6T
2,43.43333333333333,1,12SpacG6T
3,44.9,1,12SpacG6T
4,991.2,1,12SpacG6T
0,48.56666666666667,2,12SpacG6T
1,403.96666666666664,2,12SpacG6T
2,1395.5333333333333,2,12SpacG6T
3,59.86666666666667,2,12SpacG6T
4,67.53333333333333,2,12SpacG6T
5,116.8,2,12SpacG6T
6,71.96666666666667,2,12SpacG6T
0,392.0,3,12SpacG6T
1,571.5666666666667,3,12SpacG6T
2,436.53333333333336,3,12SpacG6T
3,224.8,3,12SpacG6T
4,186.63333333333333,3,12SpacG6T
5,297.5,3,12SpacG6T
6,239.06666666666666,3,12SpacG6T
7,372.8333333333333,3,12SpacG6T
8,217.4,3,12SpacG6T
9,73.13333333333334,3,12SpacG6T
10,3106.2,3,12SpacG6T
11,271.06666666666666,3,12SpacG6T
12,1258.8,3,12SpacG6T
13,68.43333333333334,3,12SpacG6T
14,135.1,3,12SpacG6T
15,2012.2333333333333,3,12SpacG6T
16,175.0,3,12SpacG6T
17,144.2,3,12SpacG6T
18,123.4,3,12SpacG6T
19,421.9,3,12SpacG6T
20,179.1,3,12SpacG6T
21,159.63333333333333,3,12SpacG6T
22,92.66666666666667,3,12SpacG6T
0,99.93333333333334,4,12SpacG6T
1,59.4,4,12SpacG6T
2,126.96666666666667,4,12SpacG6T
3,110.46666666666667,4,12SpacG6T
4,264.43333333333334,4,12SpacG6T
5,102.96666666666667,4,12SpacG6T
6,280.8333333333333,4,12SpacG6T
7,58.53333333333333,4,12SpacG6T
8,55.266666666666666,4,12SpacG6T
9,72.86666666666666,4,12SpacG6T
10,60.36666666666667,4,12SpacG6T
0,43.86666666666667,5,12SpacG6T
1,180.06666666666666,5,12SpacG6T
2,69.56666666666666,5,12SpacG6T
3,278.1666666666667,5,12SpacG6T
4,47.06666666666667,5,12SpacG6T
5,175.3,5,12SpacG6T
0,1880.7666666666667,6,12SpacG6T
1,146.83333333333334,6,12SpacG6T
2,44.8,6,12SpacG6T
3,55.0,6,12SpacG6T
4,90.03333333333333,6,12SpacG6T
5,1334.9,6,12SpacG6T
6,1833.1666666666667,6,12SpacG6T
7,45.9,6,12SpacG6T
8,1280.6666666666667,6,12SpacG6T
9,128.23333333333332,6,12SpacG6T
10,884.8666666666667,6,12SpacG6T
11,217.53333333333333,6,12SpacG6T
12,1430.5666666666666,6,12SpacG6T
13,197.36666666666667,6,12SpacG6T
14,58.666666666666664,6,12SpacG6T
15,145.93333333333334,6,12SpacG6T
16,110.73333333333333,6,12SpacG6T
17,53.2,6,12SpacG6T
18,49.06666666666667,6,12SpacG6T
19,99.06666666666666,6,12SpacG6T
0,177.33333333333334,7,12SpacG6T
1,43.53333333333333,7,12SpacG6T
2,95.96666666666667,7,12SpacG6T
3,147.06666666666666,7,12SpacG6T
4,440.9,7,12SpacG6T
5,48.86666666666667,7,12SpacG6T
0,192.86666666666667,8,12SpacG6T
1,82.76666666666667,8,12SpacG6T
2,69.66666666666667,8,12SpacG6T
3,208.83333333333334,8,12SpacG6T
0,650.7666666666667,1,V1-135
1,53.7,1,V1-135
2,123.53333333333333,1,V1-135
3,77.06666666666666,1,V1-135
0,443.6,2,V1-135
1,994.8,2,V1-135
2,89.56666666666666,2,V1-135
3,278.6666666666667,2,V1-135
4,203.8,2,V1-135
5,179.4,2,V1-135
6,469.76666666666665,2,V1-135
7,86.26666666666667,2,V1-135
0,45.9,3,V1-135
1,154.33333333333334,3,V1-135
2,225.0,3,V1-135
3,494.4,3,V1-135
4,87.16666666666667,3,V1-135
5,178.36666666666667,3,V1-135
6,166.66666666666666,3,V1-135
7,454.23333333333335,3,V1-135
8,292.96666666666664,3,V1-135
9,982.8333333333334,3,V1-135
0,1639.0333333333333,4,V1-135
0,44.06666666666667,6,V1-135
1,69.36666666666666,6,V1-135
2,49.733333333333334,6,V1-135
3,44.63333333333333,6,V1-135
4,248.2,6,V1-135
5,69.96666666666667,6,V1-135
6,83.23333333333333,6,V1-135
7,314.3333333333333,6,V1-135
8,45.03333333333333,6,V1-135
0,68.5,7,V1-135
1,694.1666666666666,7,V1-135
2,1296.9,7,V1-135
3,1172.4,7,V1-135
4,57.733333333333334,7,V1-135
5,53.36666666666667,7,V1-135
0,48.0,8,V1-135
1,1237.9666666666667,8,V1-135
2,91.7,8,V1-135
3,744.4666666666667,8,V1-135
0,246.96666666666667,9,V1-135
0,43.56666666666667,10,V1-135
1,133.4,10,V1-135
2,132.2,10,V1-135
3,59.36666666666667,10,V1-135
4,86.26666666666667,10,V1-135
5,241.3,10,V1-135
6,111.06666666666666,10,V1-135
7,110.93333333333334,10,V1-135
8,76.4,10,V1-135
9,278.1,10,V1-135
10,147.96666666666667,10,V1-135
11,154.5,10,V1-135
0,121.7,11,V1-135
0,287.6666666666667,1,12SpacG10C
1,56.833333333333336,1,12SpacG10C
2,43.766666666666666,1,12SpacG10C
3,45.233333333333334,1,12SpacG10C
4,110.06666666666666,1,12SpacG10C
5,93.66666666666667,1,12SpacG10C
6,49.3,1,12SpacG10C
7,96.83333333333333,1,12SpacG10C
8,207.03333333333333,1,12SpacG10C
0,100.66666666666667,2,12SpacG10C
1,88.96666666666667,2,12SpacG10C
2,158.33333333333334,2,12SpacG10C
3,106.36666666666666,2,12SpacG10C
0,45.666666666666664,3,12SpacG10C
1,291.6333333333333,3,12SpacG10C
2,120.46666666666667,3,12SpacG10C
3,74.7,3,12SpacG10C
4,86.93333333333334,3,12SpacG10C
5,250.7,3,12SpacG10C
6,59.2,3,12SpacG10C
7,50.06666666666667,3,12SpacG10C
0,136.1,4,12SpacG10C
1,54.1,4,12SpacG10C
2,167.43333333333334,4,12SpacG10C
3,129.46666666666667,4,12SpacG10C
4,69.93333333333334,4,12SpacG10C
5,152.5,4,12SpacG10C
6,78.13333333333334,4,12SpacG10C
7,50.766666666666666,4,12SpacG10C
8,585.4,4,12SpacG10C
9,245.86666666666667,4,12SpacG10C
10,120.0,4,12SpacG10C
0,63.833333333333336,1,12NonC8G
1,57.63333333333333,1,12NonC8G
2,67.63333333333334,1,12NonC8G
3,45.766666666666666,1,12NonC8G
4,79.3,1,12NonC8G
0,75.63333333333334,2,12NonC8G
1,45.93333333333333,2,12NonC8G
2,44.03333333333333,2,12NonC8G
3,976.8666666666667,2,12NonC8G
0,43.86666666666667,3,12NonC8G
0,49.5,4,12NonC8G
1,109.03333333333333,4,12NonC8G
2,316.53333333333336,4,12NonC8G
3,527.6666666666666,4,12NonC8G
4,889.8,4,12NonC8G
5,46.06666666666667,4,12NonC8G
6,146.63333333333333,4,12NonC8G
7,45.36666666666667,4,12NonC8G
0,65.96666666666667,5,12NonC8G
1,55.9,5,12NonC8G
0,81.1,6,12NonC8G
1,188.73333333333332,6,12NonC8G
2,64.6,6,12NonC8G
3,109.53333333333333,6,12NonC8G
0,120.16666666666667,7,12NonC8G
1,48.56666666666667,7,12NonC8G
2,45.7,7,12NonC8G
3,135.7,7,12NonC8G
4,54.43333333333333,7,12NonC8G
5,51.43333333333333,7,12NonC8G
6,123.83333333333333,7,12NonC8G
7,51.2,7,12NonC8G
8,73.96666666666667,7,12NonC8G
9,1203.5333333333333,7,12NonC8G
10,50.13333333333333,7,12NonC8G
11,65.73333333333333,7,12NonC8G
12,459.3333333333333,7,12NonC8G
13,114.2,7,12NonC8G
14,882.1333333333333,7,12NonC8G
0,457.6,1,12HeptA4T
0,47.96666666666667,2,12HeptA4T
0,717.5333333333333,3,12HeptA4T
1,249.96666666666667,3,12HeptA4T
2,43.266666666666666,3,12HeptA4T
3,137.03333333333333,3,12HeptA4T
4,49.36666666666667,3,12HeptA4T
5,297.0,3,12HeptA4T
0,277.93333333333334,4,12HeptA4T
1,82.93333333333334,4,12HeptA4T
2,46.96666666666667,4,12HeptA4T
0,1001.6333333333333,5,12HeptA4T
1,49.3,5,12HeptA4T
2,46.833333333333336,5,12HeptA4T
3,53.93333333333333,5,12HeptA4T
4,112.3,5,12HeptA4T
5,175.6,5,12HeptA4T
6,3178.266666666667,5,12HeptA4T
7,57.06666666666667,5,12HeptA4T
0,2210.2,6,12HeptA4T
1,718.8666666666667,6,12HeptA4T
2,144.83333333333334,6,12HeptA4T
3,45.93333333333333,6,12HeptA4T
4,725.0,6,12HeptA4T
5,455.1,6,12HeptA4T
6,360.73333333333335,6,12HeptA4T
7,1767.9333333333334,6,12HeptA4T
8,291.6333333333333,6,12HeptA4T
9,284.23333333333335,6,12HeptA4T
10,70.7,6,12HeptA4T
11,4199.7,6,12HeptA4T
12,69.43333333333334,6,12HeptA4T
0,128.96666666666667,7,12HeptA4T
1,966.9333333333333,7,12HeptA4T
2,128.66666666666666,7,12HeptA4T
3,174.43333333333334,7,12HeptA4T
4,196.26666666666668,7,12HeptA4T
5,855.6333333333333,7,12HeptA4T
6,485.0,7,12HeptA4T
7,174.43333333333334,7,12HeptA4T
8,204.2,7,12HeptA4T
9,229.83333333333334,7,12HeptA4T
10,334.46666666666664,7,12HeptA4T
11,1859.2666666666667,7,12HeptA4T
12,1891.4333333333334,7,12HeptA4T
13,358.8666666666667,7,12HeptA4T
14,232.93333333333334,7,12HeptA4T
15,165.26666666666668,7,12HeptA4T
16,1701.3,7,12HeptA4T
17,1186.0333333333333,7,12HeptA4T
18,603.5666666666667,7,12HeptA4T
19,390.03333333333336,7,12HeptA4T
20,110.73333333333333,7,12HeptA4T
21,47.3,7,12HeptA4T
22,1469.9,7,12HeptA4T
23,492.0,7,12HeptA4T
24,661.4,7,12HeptA4T
25,478.3333333333333,7,12HeptA4T
26,130.73333333333332,7,12HeptA4T
27,3356.0333333333333,7,12HeptA4T
28,44.833333333333336,7,12HeptA4T
29,823.6666666666666,7,12HeptA4T
0,217.5,8,12HeptA4T
1,334.06666666666666,8,12HeptA4T
2,2956.4333333333334,8,12HeptA4T
0,355.46666666666664,9,12HeptA4T
1,236.43333333333334,9,12HeptA4T
2,1714.6333333333334,9,12HeptA4T
3,875.4666666666667,9,12HeptA4T
4,66.26666666666667,9,12HeptA4T
5,52.2,9,12HeptA4T
6,667.3,9,12HeptA4T
7,1046.3666666666666,9,12HeptA4T
8,68.46666666666667,9,12HeptA4T
9,59.93333333333333,9,12HeptA4T
0,560.1666666666666,10,12HeptA4T
1,168.3,10,12HeptA4T
2,82.26666666666667,10,12HeptA4T
3,45.63333333333333,10,12HeptA4T
4,315.6666666666667,10,12HeptA4T
5,44.9,10,12HeptA4T
6,192.2,10,12HeptA4T
7,733.1,10,12HeptA4T
8,201.16666666666666,10,12HeptA4T
9,1103.2,10,12HeptA4T
10,598.4,10,12HeptA4T
11,436.0,10,12HeptA4T
12,146.3,10,12HeptA4T
13,770.2333333333333,10,12HeptA4T
14,123.26666666666667,10,12HeptA4T
15,213.4,10,12HeptA4T
16,113.36666666666666,10,12HeptA4T
0,327.6666666666667,11,12HeptA4T
1,73.1,11,12HeptA4T
2,1836.2333333333333,11,12HeptA4T
3,49.7,11,12HeptA4T
4,53.3,11,12HeptA4T
5,42.96666666666667,11,12HeptA4T
6,554.3333333333334,11,12HeptA4T
7,283.96666666666664,11,12HeptA4T
8,190.56666666666666,11,12HeptA4T
9,926.2666666666667,11,12HeptA4T
10,109.76666666666667,11,12HeptA4T
11,1050.8,11,12HeptA4T
12,153.06666666666666,11,12HeptA4T
13,318.96666666666664,11,12HeptA4T
14,236.63333333333333,11,12HeptA4T
15,123.83333333333333,11,12HeptA4T
16,877.6,11,12HeptA4T
17,63.9,11,12HeptA4T
18,987.6333333333333,11,12HeptA4T
19,511.53333333333336,11,12HeptA4T
0,473.5,12,12HeptA4T
1,2026.0666666666666,12,12HeptA4T
2,752.6,12,12HeptA4T
3,48.43333333333333,12,12HeptA4T
4,44.5,12,12HeptA4T
5,318.5,12,12HeptA4T
6,259.56666666666666,12,12HeptA4T
7,106.23333333333333,12,12HeptA4T
8,1127.5333333333333,12,12HeptA4T
9,221.8,12,12HeptA4T
10,258.53333333333336,12,12HeptA4T
11,81.13333333333334,12,12HeptA4T
12,44.4,12,12HeptA4T
13,2270.133333333333,12,12HeptA4T
14,321.43333333333334,12,12HeptA4T
0,72.96666666666667,1,12NonC8T
1,180.43333333333334,1,12NonC8T
0,44.333333333333336,2,12NonC8T
0,82.1,4,12NonC8T
0,949.1,5,12NonC8T
1,359.6,5,12NonC8T
2,82.23333333333333,5,12NonC8T
3,162.66666666666666,5,12NonC8T
4,43.9,5,12NonC8T
0,47.06666666666667,6,12NonC8T
1,48.06666666666667,6,12NonC8T
2,238.26666666666668,6,12NonC8T
3,351.7,6,12NonC8T
4,226.43333333333334,6,12NonC8T
5,109.6,6,12NonC8T
6,3790.266666666667,6,12NonC8T
7,112.16666666666667,6,12NonC8T
0,975.2333333333333,7,12NonC8T
1,1680.3666666666666,7,12NonC8T
0,518.1333333333333,8,12NonC8T
1,79.93333333333334,8,12NonC8T
2,44.1,8,12NonC8T
3,58.63333333333333,8,12NonC8T
0,61.2,1,12SpacT9A
1,47.8,1,12SpacT9A
2,151.56666666666666,1,12SpacT9A
3,1215.1,1,12SpacT9A
0,143.93333333333334,2,12SpacT9A
1,49.733333333333334,2,12SpacT9A
2,43.53333333333333,2,12SpacT9A
3,95.53333333333333,2,12SpacT9A
0,1458.9666666666667,3,12SpacT9A
1,51.1,3,12SpacT9A
2,126.66666666666667,3,12SpacT9A
3,93.73333333333333,3,12SpacT9A
4,45.833333333333336,3,12SpacT9A
0,48.3,4,12SpacT9A
1,534.5,4,12SpacT9A
0,1437.5666666666666,5,12SpacT9A
1,155.33333333333334,5,12SpacT9A
2,77.43333333333334,5,12SpacT9A
3,480.93333333333334,5,12SpacT9A
4,81.13333333333334,5,12SpacT9A
5,327.6,5,12SpacT9A
0,292.8,6,12SpacT9A
1,128.2,6,12SpacT9A
2,3316.366666666667,6,12SpacT9A
3,213.93333333333334,6,12SpacT9A
4,125.26666666666667,6,12SpacT9A
0,133.56666666666666,1,V9-120
1,373.5,1,V9-120
2,99.36666666666666,1,V9-120
3,70.13333333333334,1,V9-120
0,380.73333333333335,2,V9-120
1,86.06666666666666,2,V9-120
2,1411.8666666666666,2,V9-120
3,245.56666666666666,2,V9-120
4,78.03333333333333,2,V9-120
5,106.66666666666667,2,V9-120
6,397.7,2,V9-120
7,123.6,2,V9-120
0,65.93333333333334,3,V9-120
1,1657.5,3,V9-120
0,378.0,4,V9-120
0,46.93333333333333,5,V9-120
1,403.5,5,V9-120
2,128.1,5,V9-120
3,1457.3,5,V9-120
0,149.7,6,V9-120
1,53.1,6,V9-120
0,367.0,7,V9-120
1,122.26666666666667,7,V9-120
0,46.36666666666667,8,V9-120
1,329.93333333333334,8,V9-120
2,331.3333333333333,8,V9-120
3,167.8,8,V9-120
4,51.06666666666667,8,V9-120
5,77.86666666666666,8,V9-120
0,87.03333333333333,9,V9-120
1,171.33333333333334,9,V9-120
0,98.86666666666666,11,V9-120
1,121.83333333333333,11,V9-120
2,47.166666666666664,11,V9-120
0,47.166666666666664,13,V9-120
1,342.56666666666666,13,V9-120
2,470.1666666666667,13,V9-120
3,55.13333333333333,13,V9-120
4,806.6666666666666,13,V9-120
5,81.36666666666666,13,V9-120
6,43.6,13,V9-120
7,46.9,13,V9-120
8,48.833333333333336,13,V9-120
9,72.16666666666667,13,V9-120
0,264.6666666666667,1,12NonA3C
0,414.46666666666664,2,12NonA3C
1,79.26666666666667,2,12NonA3C
2,43.86666666666667,2,12NonA3C
3,49.93333333333333,2,12NonA3C
4,67.73333333333333,2,12NonA3C
0,342.43333333333334,3,12NonA3C
1,154.0,3,12NonA3C
2,189.1,3,12NonA3C
3,205.53333333333333,3,12NonA3C
4,3400.233333333333,3,12NonA3C
5,94.8,3,12NonA3C
0,45.766666666666666,6,12NonA3C
0,168.7,7,12NonA3C
0,245.36666666666667,11,12NonA3C
0,339.1333333333333,1,12HeptG5C
1,65.1,1,12HeptG5C
2,3315.9,1,12HeptG5C
3,47.3,1,12HeptG5C
0,51.3,2,12HeptG5C
1,108.36666666666666,2,12HeptG5C
2,56.46666666666667,2,12HeptG5C
3,89.33333333333333,2,12HeptG5C
4,62.233333333333334,2,12HeptG5C
0,47.5,3,12HeptG5C
1,130.6,3,12HeptG5C
2,48.6,3,12HeptG5C
0,44.9,4,12HeptG5C
1,48.43333333333333,4,12HeptG5C
2,136.46666666666667,4,12HeptG5C
3,44.0,4,12HeptG5C
4,643.9666666666667,4,12HeptG5C
0,206.46666666666667,5,12HeptG5C
1,61.833333333333336,5,12HeptG5C
2,236.26666666666668,5,12HeptG5C
3,45.53333333333333,5,12HeptG5C
0,76.06666666666666,6,12HeptG5C
1,85.5,6,12HeptG5C
2,53.13333333333333,6,12HeptG5C
3,85.6,6,12HeptG5C
4,92.53333333333333,6,12HeptG5C
5,152.0,6,12HeptG5C
6,82.2,6,12HeptG5C
7,84.8,6,12HeptG5C
8,82.36666666666666,6,12HeptG5C
9,116.8,6,12HeptG5C
10,187.93333333333334,6,12HeptG5C
11,84.36666666666666,6,12HeptG5C
12,179.1,6,12HeptG5C
13,83.9,6,12HeptG5C
14,89.76666666666667,6,12HeptG5C
15,133.8,6,12HeptG5C
16,114.56666666666666,6,12HeptG5C
0,163.4,7,12HeptG5C
1,184.4,7,12HeptG5C
2,45.166666666666664,7,12HeptG5C
3,405.5,7,12HeptG5C
4,271.3666666666667,7,12HeptG5C
5,108.46666666666667,7,12HeptG5C
6,50.53333333333333,7,12HeptG5C
0,84.5,8,12HeptG5C
1,89.76666666666667,8,12HeptG5C
2,69.5,8,12HeptG5C
3,52.9,8,12HeptG5C
4,72.63333333333334,8,12HeptG5C
5,420.3666666666667,8,12HeptG5C
6,337.03333333333336,8,12HeptG5C
7,169.5,8,12HeptG5C
8,48.666666666666664,8,12HeptG5C
0,961.7,9,12HeptG5C
1,103.0,9,12HeptG5C
2,233.66666666666666,9,12HeptG5C
3,172.53333333333333,9,12HeptG5C
4,820.7333333333333,9,12HeptG5C
5,65.66666666666667,9,12HeptG5C
6,3450.0666666666666,9,12HeptG5C
7,61.266666666666666,9,12HeptG5C
8,69.8,9,12HeptG5C
9,49.3,9,12HeptG5C
10,90.36666666666666,9,12HeptG5C
0,65.13333333333334,10,12HeptG5C
1,46.266666666666666,10,12HeptG5C
2,145.23333333333332,10,12HeptG5C
3,44.1,10,12HeptG5C
4,78.23333333333333,10,12HeptG5C
5,313.3666666666667,10,12HeptG5C
0,1860.9666666666667,11,12HeptG5C
1,103.43333333333334,11,12HeptG5C
2,44.63333333333333,11,12HeptG5C
3,104.36666666666666,11,12HeptG5C
4,237.83333333333334,11,12HeptG5C
5,340.6666666666667,11,12HeptG5C
6,1115.4,11,12HeptG5C
7,57.13333333333333,11,12HeptG5C
8,958.0,11,12HeptG5C
0,164.96666666666667,12,12HeptG5C
