95_high,95_low,median,mutant,n_loops,n_muts,seq,width
29.973897389738973,17.285328532853285,22.48064806480648,12HeptA4T,127.0,1.0,CACTGTGCTACAGACTGGAACAAAAACC,12.688568856885688
962.8334833483348,83.62556255625562,431.1125112511251,12HeptC3G,63.0,1.0,CAGAGTGCTACAGACTGGAACAAAAACC,879.2079207920791
917.0747074707471,70.43744374437443,287.6417641764176,12HeptC3T,55.0,1.0,CATAGTGCTACAGACTGGAACAAAAACC,846.6372637263726
352.98289828982894,16.585958595859587,54.95139513951395,12HeptG5A,14.0,1.0,CACAATGCTACAGACTGGAACAAAAACC,336.39693969396933
36.86768676867687,13.988298829882988,21.88118811881188,12HeptG5C,81.0,1.0,CACACTGCTACAGACTGGAACAAAAACC,22.879387938793883
23.979297929792978,11.49054905490549,16.286228622862286,12HeptG7A,92.0,1.0,CACAGTACTACAGACTGGAACAAAAACC,12.488748874887488
31.87218721872187,8.293429342934292,15.087308730873087,12HeptG7C,27.0,1.0,CACAGTCCTACAGACTGGAACAAAAACC,23.578757875787577
182.73627362736272,34.46984698469847,70.93699369936994,12HeptG7T,50.0,1.0,CACAGTTCTACAGACTGGAACAAAAACC,148.26642664266424
879.3087308730873,2.4986498649864988,73.93429342934293,12HeptT6A,4.0,1.0,CACAGAGCTACAGACTGGAACAAAAACC,876.8100810081007
975.1224122412241,28.175517551755174,502.5481548154815,12HeptT6AG7C,1.0,2.0,CACAGACCTACAGACTGGAACAAAAACC,946.9468946894689
774.9027902790278,23.08010801080108,111.70027002700269,12HeptT6C,27.0,1.0,CACAGCGCTACAGACTGGAACAAAAACC,751.8226822682268
975.2223222322232,29.973897389738973,504.2466246624662,12HeptT6CG7A,2.0,2.0,CACAGCACTACAGACTGGAACAAAAACC,945.2484248424842
19.58325832583258,10.39153915391539,13.988298829882988,12NonA1G,119.0,1.0,CACAGTGCTACAGACTGGAGCAAAAACC,9.19171917191719
43.56165616561656,8.193519351935194,16.885688568856885,12NonA3C,15.0,1.0,CACAGTGCTACAGACTGGAACCAAAACC,35.36813681368137
28.874887488748872,7.494149414941494,13.688568856885688,12NonA4C,36.0,1.0,CACAGTGCTACAGACTGGAACACAAACC,21.38073807380738
85.02430243024303,13.388838883888388,29.47434743474347,12NonA4T,13.0,1.0,CACAGTGCTACAGACTGGAACATAAACC,71.63546354635464
26.177317731773176,9.592259225922591,15.287128712871286,12NonA5T,59.0,1.0,CACAGTGCTACAGACTGGAACAATAACC,16.585058505850583
26.676867686768674,7.394239423942394,13.189018901890188,12NonC8G,39.0,1.0,CACAGTGCTACAGACTGGAACAAAAAGC,19.28262826282628
77.63096309630963,14.587758775877587,30.07380738073807,12NonC8T,23.0,1.0,CACAGTGCTACAGACTGGAACAAAAATC,63.04320432043204
14.387938793879387,4.297029702970297,7.394239423942394,12NonC9T,22.0,1.0,CACAGTGCTACAGACTGGAACAAAAACT,10.09090909090909
33.57065706570657,6.295229522952295,12.989198919891988,12SpacA12C,17.0,1.0,CACAGTGCTACAGACTGGCACAAAAACC,27.275427542754276
22.18091809180918,6.5949594959495945,11.39063906390639,12SpacA12T,29.0,1.0,CACAGTGCTACAGACTGGTACAAAAACC,15.585958595859584
33.17101710171017,10.39153915391539,17.585058505850583,12SpacA3G,39.0,1.0,CACAGTGCTGCAGACTGGAACAAAAACC,22.77947794779478
9.792079207920791,3.6975697569756973,5.795679567956795,12SpacA3T,30.0,1.0,CACAGTGCTTCAGACTGGAACAAAAACC,6.094509450945093
22.28082808280828,7.594059405940594,12.489648964896489,12SpacA7C,35.0,1.0,CACAGTGCTACAGCCTGGAACAAAAACC,14.686768676867686
19.18361836183618,4.996399639963997,9.092709270927092,12SpacA7G,20.0,1.0,CACAGTGCTACAGGCTGGAACAAAAACC,14.187218721872185
18.883888388838884,7.594059405940594,11.59045904590459,12SpacC1A,52.0,1.0,CACAGTGATACAGACTGGAACAAAAACC,11.289828982898289
22.88028802880288,6.794779477947794,11.69036903690369,12SpacC1G,18.0,1.0,CACAGTGGTACAGACTGGAACAAAAACC,16.085508550855085
46.558955895589555,9.99189918991899,19.683168316831683,12SpacC4G,43.0,1.0,CACAGTGCTAGAGACTGGAACAAAAACC,36.567056705670566
15.586858685868586,8.593159315931594,11.39063906390639,12SpacC4T,131.0,1.0,CACAGTGCTATAGACTGGAACAAAAACC,6.9936993699369925
54.15211521152115,6.694869486948694,15.986498649864986,12SpacC8T,14.0,1.0,CACAGTGCTACAGATTGGAACAAAAACC,47.45724572457245
17.684968496849685,8.792979297929794,12.189918991899189,12SpacG10A,72.0,1.0,CACAGTGCTACAGACTAGAACAAAAACC,8.891989198919891
6.095409540954095,2.398739873987399,3.6975697569756973,12SpacG10C,32.0,1.0,CACAGTGCTACAGACTCGAACAAAAACC,3.696669666966696
15.886588658865886,5.196219621962196,8.693069306930692,12SpacG10CG11A,24.0,2.0,CACAGTGCTACAGACTCAAACAAAAACC,10.69036903690369
8.493249324932492,3.2979297929792977,5.096309630963096,12SpacG10T,24.0,1.0,CACAGTGCTACAGACTTGAACAAAAACC,5.195319531953194
31.07290729072907,9.792079207920791,16.486048604860486,12SpacG11A,33.0,1.0,CACAGTGCTACAGACTGAAACAAAAACC,21.280828082808277
35.868586858685866,7.693969396939694,15.087308730873087,12SpacG11C,29.0,1.0,CACAGTGCTACAGACTGCAACAAAAACC,28.174617461746173
22.08100810081008,14.387938793879387,17.684968496849685,12SpacG11T,272.0,1.0,CACAGTGCTACAGACTGTAACAAAAACC,7.693069306930694
29.973897389738973,13.788478847884788,19.78307830783078,12SpacG6A,70.0,1.0,CACAGTGCTACAAACTGGAACAAAAACC,16.185418541854183
19.98289828982898,10.09180918091809,13.988298829882988,12SpacG6T,82.0,1.0,CACAGTGCTACATACTGGAACAAAAACC,9.89108910891089
28.974797479747973,9.092709270927092,15.387038703870386,12SpacT9A,26.0,1.0,CACAGTGCTACAGACAGGAACAAAAACC,19.882088208820882
47.857785778577856,14.288028802880287,24.578757875787577,12SpacT9C,40.0,1.0,CACAGTGCTACAGACCGGAACAAAAACC,33.56975697569757
16.985598559855987,2.5985598559855987,5.895589558955895,12SpacT9G,8.0,1.0,CACAGTGCTACAGACGGGAACAAAAACC,14.387038703870388
925.9666966696669,17.085508550855085,201.11971197119712,DFL161,11.0,7.0,CACAGTGCTATATCCATCAGCAAAAACC,908.8811881188118
8.693069306930692,3.3978397839783976,5.196219621962196,DFL1613,37.0,10.0,CACAGTAGTAGATCCCTTCACAAAAAGC,5.295229522952294
24.378937893789377,9.792079207920791,14.887488748874887,V1-135,56.0,5.0,CACAGTGATTCAGACCCGAACAAAAACT,14.586858685868586
73.23492349234922,11.59045904590459,25.378037803780376,V10-95,13.0,10.0,CACAATGATATAAGTCATAACATAAACC,61.64446444644464
81.82718271827183,22.88028802880288,40.56435643564356,V10-96,32.0,10.0,CACAATGATATAAGTCATAACATAAACC,58.94689468946895
24.67866786678668,11.69036903690369,16.585958595859587,V19-93,60.0,6.0,CACAGTGATACAAATCATAACAAAAACC,12.98829882988299
24.778577857785777,5.895589558955895,11.19081908190819,V4-55,21.0,1.0,CACAGTGATACAGACTGGAACAAAAACC,18.882988298829883
595.2646264626462,33.370837083708366,109.6021602160216,V5-43,23.0,7.0,CACAGTGATGCAGACCATAGCAAAAATC,561.8937893789379
959.8361836183618,72.93519351935193,405.3357335733573,V6-15,34.0,7.0,CACAGTACTTCAGCCTCCTACATAAACC,886.9009900990098
22.48064806480648,6.295229522952295,11.09090909090909,V6-17,36.0,6.0,CACAGTGCTTCAGCCTCCTACACAAACC,16.185418541854187
975.9216921692168,42.96219621962196,517.7344734473447,V8-18,5.0,9.0,CACAGAGCTTCAGCTGCCTACACAAACC,932.9594959495948
16.186318631863188,6.5949594959495945,9.99189918991899,V9-120,44.0,7.0,CACAGTGATACAAATCATAACATAAACC,9.591359135913592
11.59045904590459,7.394239423942394,9.192619261926191,WT12rss,182.0,0.0,CACAGTGCTACAGACTGGAACAAAAACC,4.196219621962196
