,parameter,dimension,mean,mode,median,hpd_min,hpd_max,mass_fraction,mutant,seq,n_muts,relative_prob
0,pcut,1,0.7099204803444527,0.8947225653708887,0.7097507977957408,0.450808461072499,0.9996555776499748,0.95,12HeptA4T,CACTGTGCTACAGACTGGAACAAAAACC,1,0.13
0,pcut,1,0.37046836958313883,0.26552749489584215,0.31334700636369955,0.03523965949470351,0.8614680948030676,0.95,12HeptC3G,CAGAGTGCTACAGACTGGAACAAAAACC,1,-0.26
0,pcut,1,0.3887688504364293,0.35795645183232694,0.324952278630406,0.049016573048786365,0.888031301685912,0.95,12HeptC3T,CATAGTGCTACAGACTGGAACAAAAACC,1,-0.25
0,pcut,1,0.5435913681679523,0.5874463512499476,0.5246571821598377,0.18155933627499787,0.9747857240465261,0.95,12HeptG5A,CACAATGCTACAGACTGGAACAAAAACC,1,-0.05
0,pcut,1,0.4831494773105585,0.4818677135002912,0.4432563782421786,0.18487878866137683,0.9046744118645235,0.95,12HeptG5C,CACACTGCTACAGACTGGAACAAAAACC,1,-0.13
0,pcut,1,0.5822802007289613,0.7572485769719943,0.5651141661431688,0.2823452764541994,0.9753159225975778,0.95,12HeptG7A,CACAGTACTACAGACTGGAACAAAAACC,1,-0.01
0,pcut,1,0.5813403116918091,0.5760794731300337,0.5625443292865515,0.27965667354891166,0.9601447534546094,0.95,12HeptG7C,CACAGTCCTACAGACTGGAACAAAAACC,1,-0.01
0,pcut,1,0.5048866819902128,0.6094000383712574,0.47356391156414135,0.14459716301303152,0.958417296111238,0.95,12HeptG7T,CACAGTTCTACAGACTGGAACAAAAACC,1,-0.1
0,pcut,1,0.5392512368370043,0.4937313171762762,0.5291081077794362,0.14593003376397493,0.9614692540181391,0.95,12HeptT6A,CACAGAGCTACAGACTGGAACAAAAACC,1,-0.05
0,pcut,1,0.48409876583941003,0.38611249142932863,0.45412125202611936,0.10511614951940507,0.9628039195799379,0.95,12HeptT6AG7C,CACAGACCTACAGACTGGAACAAAAACC,2,-0.12
0,pcut,1,0.45604368471244017,0.4735366151849259,0.4202410726385385,0.09216127844899041,0.933581520330814,0.95,12HeptT6C,CACAGCGCTACAGACTGGAACAAAAACC,1,-0.16
0,pcut,1,0.46237814746392386,0.3175802172818395,0.4303802726904302,0.0741411621377657,0.9250518982868126,0.95,12HeptT6CG7A,CACAGCACTACAGACTGGAACAAAAACC,2,-0.15
0,pcut,1,0.6838444357434057,0.8045506241341689,0.689079124467022,0.38089785456212494,0.9997025181268246,0.95,12NonA1G,CACAGTGCTACAGACTGGAGCAAAAACC,1,0.11
0,pcut,1,0.6655138076702691,0.788275560251749,0.6663154230468842,0.3512048752730829,0.998835012614228,0.95,12NonA3C,CACAGTGCTACAGACTGGAACCAAAACC,1,0.09
0,pcut,1,0.5631576712448648,0.6420432187360312,0.5446375615399458,0.23215867244635224,0.9730327148636705,0.95,12NonA4C,CACAGTGCTACAGACTGGAACACAAACC,1,-0.03
0,pcut,1,0.6939875890493811,0.6379117146507225,0.7055244449895242,0.3686651116020108,0.9999263152755882,0.95,12NonA4T,CACAGTGCTACAGACTGGAACATAAACC,1,0.13
0,pcut,1,0.6905424204449145,0.8431940546915941,0.7112087028904671,0.3397599726689092,0.9996952848115627,0.95,12NonA5T,CACAGTGCTACAGACTGGAACAATAACC,1,0.14
0,pcut,1,0.5712048827137048,0.6251932643528242,0.547258826871838,0.25766302159270116,0.9709740034010087,0.95,12NonC8G,CACAGTGCTACAGACTGGAACAAAAAGC,1,-0.03
0,pcut,1,0.5631261448764951,0.6249744023910464,0.5420277144537322,0.22301408105099546,0.9442783354420252,0.95,12NonC8T,CACAGTGCTACAGACTGGAACAAAAATC,1,-0.03
0,pcut,1,0.6950369502184619,0.7120586302782057,0.6914821791187968,0.43419747609649095,0.9997990668948875,0.95,12NonC9T,CACAGTGCTACAGACTGGAACAAAAACT,1,0.12
0,pcut,1,0.6330271148352097,0.5483952322639767,0.6265368924979087,0.3305016821110512,0.9999126729786315,0.95,12SpacA12C,CACAGTGCTACAGACTGGAACAAAAACC,0,0.05
0,pcut,1,0.6531331468935991,0.6946475609501465,0.6431459322229424,0.3702764068449895,0.9998599413949921,0.95,12SpacA12T,CACAGTGTTACAGACTGGAACAAAAACC,1,0.07
0,pcut,1,0.6706073848243232,0.7781639170352976,0.6794846842561482,0.34366553575276376,0.9995342288126382,0.95,12SpacA3G,CACAGTGCTGCAGACTGGAACAAAAACC,1,0.1
0,pcut,1,0.8166619915558915,0.8329546142037638,0.8401506992950112,0.5676019459470002,0.9997080917234944,0.95,12SpacA3T,CACAGTGCTTCAGACTGGAACAAAAACC,1,0.26
0,pcut,1,0.7167084100048792,0.7425586462492378,0.7356920730796492,0.4026154588319148,0.9998868040792265,0.95,12SpacA7C,CACAGTGCTACAGCCTGGAACAAAAACC,1,0.16
0,pcut,1,0.6372224162808187,0.6031757832721905,0.6228247703731371,0.3649544577616426,0.986462928914697,0.95,12SpacA7G,CACAGTGCTACAGGCTGGAACAAAAACC,1,0.05
0,pcut,1,0.6840828760113113,0.8751447879303174,0.6854966020662654,0.3936655474267289,0.9896152982974797,0.95,12SpacC1A,CACAGTGATACAGACTGGAACAAAAACC,1,0.11
0,pcut,1,0.7834953407964955,0.763137229855814,0.7922140992545144,0.5367531445505717,0.9999905700318428,0.95,12SpacC1G,CACAGTGGTACAGACTGGAACAAAAACC,1,0.22
0,pcut,1,0.5324848646461317,0.7682738139552123,0.5045010673216282,0.181081557816159,0.9556218475776806,0.95,12SpacC4G,CACAGTGCTAGAGACTGGAACAAAAACC,1,-0.07
0,pcut,1,0.674306698137711,0.8454039210225442,0.6731604825890071,0.3895178290601513,0.9948842576869872,0.95,12SpacC4T,CACAGTGCTATAGACTGGAACAAAAACC,1,0.1
0,pcut,1,0.6004238523978223,0.6289915803096995,0.5891928817230876,0.28625113593902024,0.9858690487297062,0.95,12SpacC8T,CACAGTGCTACAGATTGGAACAAAAACC,1,0.01
0,pcut,1,0.7492914054052331,0.8991540281752978,0.7639725627234777,0.4684402932985668,0.9993830472084638,0.95,12SpacG10A,CACAGTGATACAGACTGGAACAAAAACC,1,0.19
0,pcut,1,0.7349944958769127,0.7732324209126861,0.7300824959931669,0.5111754266794992,0.9969949081632835,0.95,12SpacG10C,CACAGTGCTACAGACTGGAACAAAAACC,0,0.15
0,pcut,1,0.7407232597701258,0.7713271995962017,0.7397494279360841,0.49821107951945826,0.9991813363086866,0.95,12SpacG10CG11A,CACAGTGATACAGACTGGAACAAAAACC,1,0.16
0,pcut,1,0.8507228506582003,0.8123159211020716,0.8613478823700922,0.6800955659792112,0.9999062916141626,0.95,12SpacG10T,CACAGTGTTACAGACTGGAACAAAAACC,1,0.29
0,pcut,1,0.647806315940347,0.897447355681497,0.6334946908357226,0.3643466001646151,0.9977485452146825,0.95,12SpacG11A,CACAGTGATACAGACTGGAACAAAAACC,1,0.06
0,pcut,1,0.5321217379818542,0.4947521975684543,0.5059189645666695,0.2120424150661058,0.9513936713477976,0.95,12SpacG11C,CACAGTGCTACAGACTGGAACAAAAACC,0,-0.07
0,pcut,1,0.7090751033121325,0.8642294812328386,0.6963780769477208,0.49952163914211584,0.9787937213116704,0.95,12SpacG11T,CACAGTGTTACAGACTGGAACAAAAACC,1,0.12
0,pcut,1,0.642199208231485,0.7919043768381491,0.6290897024173477,0.37593393808357173,0.9978909929423534,0.95,12SpacG6A,CACAGTGCTACAAACTGGAACAAAAACC,1,0.05
0,pcut,1,0.6813875789994126,0.8032030422484442,0.6728617342957349,0.41930779009179187,0.9788549242127027,0.95,12SpacG6T,CACAGTGCTACATACTGGAACAAAAACC,1,0.1
0,pcut,1,0.7098553128341821,0.7295398403369403,0.7153622926669728,0.44426112528628686,0.9966013807174953,0.95,12SpacT9A,CACAGTGCTACAGACAGGAACAAAAACC,1,0.14
0,pcut,1,0.5345486652342586,0.6590748615158857,0.504011364755871,0.20468285865448207,0.9398675214738655,0.95,12SpacT9C,CACAGTGCTACAGACCGGAACAAAAACC,1,-0.07
0,pcut,1,0.7579845755997471,0.6779524379601964,0.7822947814440079,0.4505866241646672,0.9997145435069084,0.95,12SpacT9G,CACAGTGCTACAGACGGGAACAAAAACC,1,0.21
0,pcut,1,0.45120491807968754,0.35294239773495967,0.41605011377953205,0.08592917375982169,0.9266775329214167,0.95,DFL161,CACAGTGCTATATCCATCAGCAAAAACC,7,-0.16
0,pcut,1,0.6822345390590209,0.6936632412646061,0.6654063093703981,0.4389054644018289,0.9796517126582054,0.95,DFL1613,CACAGTAGTAGATCCCTTCACAAAAAGC,10,0.09
0,pcut,1,0.6050023035813095,0.8300740219125674,0.5871476263677697,0.3196087514908112,0.9779512806941209,0.95,V1-135,CACAGTGATTCAGACCCGAACAAAAACT,5,0.01
0,pcut,1,0.6407111909870669,0.5950367937782164,0.6382351779476335,0.35102100992897783,0.9945424242234874,0.95,V10-95,CACAATGATATAAGTCATAACATAAACC,10,0.06
0,pcut,1,0.5915726553023238,0.5760641587698992,0.5732398505367879,0.2785283765910503,0.9555008452500028,0.95,V10-96,CACAATGATATAAGTCATAACATAAACC,10,-0.0
0,pcut,1,0.8318248698137237,0.9414601022568877,0.8544198360246802,0.589617889547474,0.9999926787844421,0.95,V19-93,CACAGTGATACAAATCATAACAAAAACC,6,0.28
0,pcut,1,0.6170989733508845,0.657015510212977,0.5994921460490892,0.3330702127421326,0.9857241444436149,0.95,V4-55,CACAGTGATACAGACTGGAACAAAAACC,1,0.02
0,pcut,1,0.4699813405745259,0.4236978802868282,0.4297321161529859,0.10248547723541188,0.9194735127159954,0.95,V5-43,CACAGTGATGCAGACCATAGCAAAAATC,7,-0.15
0,pcut,1,0.387431983707633,0.4958329033489268,0.3253226921987757,0.05072431899428756,0.8880635159629782,0.95,V6-15,CACAGTACTTCAGCCTCCTACATAAACC,7,-0.25
0,pcut,1,0.6210832461847142,0.6643758454395472,0.61298218696427,0.3092710680049081,0.999353240288835,0.95,V6-17,CACAGTGCTTCAGCCTCCTACACAAACC,6,0.04
0,pcut,1,0.42140616247454704,0.35764252133212565,0.37280171507558557,0.06168307591407053,0.9019089842961776,0.95,V8-18,CACAGAGCTTCAGCTGCCTACACAAACC,9,-0.2
0,pcut,1,0.6949029674196588,0.7893377988397912,0.6850476142452868,0.4400311838389654,0.9998378144449553,0.95,V9-120,CACAGTGATACAAATCATAACATAAACC,7,0.11
0,pcut,1,0.6161989928060471,0.6229647272680976,0.575471249827461,0.408089376772021,0.9939379888571153,0.95,WT12rss,CACAGTGCTACAGACTGGAACAAAAACC,0,0.0
