parameter,dimension,mean,mode,median,hpd_min,hpd_max,mass_fraction,mutant,seq,n_muts,salt
tau,1,9.256909457548943,9.115195462432807,9.212584496190905,7.606577356972545,10.863871367786066,0.95,12HeptA4T,CACTGTGCTACAGACTGGAACAAAAACC,1,Mg
tau,1,3.247443933539836,3.150643321464057,3.2096950259800536,2.4822784339520636,4.105820871203571,0.95,12HeptC3G,CAGAGTGCTACAGACTGGAACAAAAACC,1,Mg
tau,1,5.252278397025593,5.0817991767015664,5.196100683346286,3.854053513574577,6.6193327127041695,0.95,12HeptC3T,CATAGTGCTACAGACTGGAACAAAAACC,1,Mg
tau,1,7.321621175761832,6.4075377809339855,7.018760826905962,3.997379643193944,11.319081616239854,0.95,12HeptG5A,CACAATGCTACAGACTGGAACAAAAACC,1,Mg
tau,1,4.643164863775055,4.523216120493179,4.606256948921567,3.6288912811167795,5.662676185744724,0.95,12HeptG5C,CACACTGCTACAGACTGGAACAAAAACC,1,Mg
tau,1,5.177968464190232,5.075241385094642,5.1456513476131605,4.196681592639993,6.276960943556798,0.95,12HeptG7A,CACAGTACTACAGACTGGAACAAAAACC,1,Mg
tau,1,5.176702550836421,4.859336046978926,5.055964257123809,3.378905698431255,7.113126467556019,0.95,12HeptG7C,CACAGTCCTACAGACTGGAACAAAAACC,1,Mg
tau,1,8.239386558636031,7.934211130928035,8.133458175776866,6.082176357319899,10.542958240495071,0.95,12HeptG7T,CACAGTTCTACAGACTGGAACAAAAACC,1,Mg
tau,1,3.1108189491406733,2.1087378191007264,2.7140258396013857,0.958921499952051,6.170175261112678,0.95,12HeptT6A,CACAGAGCTACAGACTGGAACAAAAACC,1,Mg
tau,1,10.01665205140025,3.4433935665479094,6.336422774676597,1.1478019235453023,29.94233601778263,0.95,12HeptT6AG7C,CACAGACCTACAGACTGGAACAAAAACC,2,Mg
tau,1,3.623868768460745,3.3334627130367087,3.530081702390974,2.3553458774957803,5.120611871378828,0.95,12HeptT6C,CACAGCGCTACAGACTGGAACAAAAACC,1,Mg
tau,1,5.573242192114312,2.737768174200006,4.22254542273248,1.0075169416331962,14.108999682773856,0.95,12HeptT6CG7A,CACAGCACTACAGACTGGAACAAAAACC,2,Mg
tau,1,4.650981348015643,4.570281833873527,4.622240249027783,3.8161839401410065,5.491843887692251,0.95,12NonA1G,CACAGTGCTACAGACTGGAGCAAAAACC,1,Mg
tau,1,7.044706225317802,6.235616997367146,6.705804791808261,3.8081247368981455,10.855521735498963,0.95,12NonA3C,CACAGTGCTACAGACTGGAACCAAAACC,1,Mg
tau,1,3.5722175186820233,3.384700287194744,3.5007516000367964,2.4569143379627283,4.7615674094616764,0.95,12NonA4C,CACAGTGCTACAGACTGGAACACAAACC,1,Mg
tau,1,11.391300218889063,9.901601812288625,10.784910779120565,5.75364830764631,17.82951305377367,0.95,12NonA4T,CACAGTGCTACAGACTGGAACATAAACC,1,Mg
tau,1,4.208992247181119,4.0856121368924425,4.168812873708966,3.230492401804025,5.33529548420253,0.95,12NonA5T,CACAGTGCTACAGACTGGAACAATAACC,1,Mg
tau,1,3.5252463955005746,3.3524761577616786,3.4720666130501985,2.466196851199059,4.670330318043758,0.95,12NonC8G,CACAGTGCTACAGACTGGAACAAAAAGC,1,Mg
tau,1,7.837286283526447,7.239903034141776,7.631970640194524,5.116674975020026,11.19395295511795,0.95,12NonC8T,CACAGTGCTACAGACTGGAACAAAAATC,1,Mg
tau,1,4.06818266911317,3.701210815185174,3.960813906827613,2.5977967910540514,5.8707896696569755,0.95,12NonC9T,CACAGTGCTACAGACTGGAACAAAAACT,1,Mg
tau,1,4.918568012816859,4.400443328247384,4.737713329343459,2.8059931769393645,7.416917752709085,0.95,12SpacA12C,CACAGTGCTACAGACTGGCACAAAAACC,1,Mg
tau,1,4.528960510119994,4.25250537943151,4.40619915355377,2.982513822437555,6.30130102010109,0.95,12SpacA12T,CACAGTGCTACAGACTGGTACAAAAACC,1,Mg
tau,1,5.570103351460363,5.269284919638015,5.456981682671956,4.014979645807519,7.512074631835532,0.95,12SpacA3G,CACAGTGCTGCAGACTGGAACAAAAACC,1,Mg
tau,1,3.558706801879345,3.3528043112680357,3.495784510309102,2.4120944447009807,4.8316782510668075,0.95,12SpacA3T,CACAGTGCTTCAGACTGGAACAAAAACC,1,Mg
tau,1,5.149819729745136,4.877743481916305,5.061042805734606,3.615564053909752,6.8904319237405485,0.95,12SpacA7C,CACAGTGCTACAGCCTGGAACAAAAACC,1,Mg
tau,1,4.3912975583494624,4.027017139359444,4.262947889127567,2.61272373553167,6.319653844879298,0.95,12SpacA7G,CACAGTGCTACAGGCTGGAACAAAAACC,1,Mg
tau,1,4.338038686811053,4.195706216546727,4.295307767259008,3.2084451402189833,5.547350198924394,0.95,12SpacC1A,CACAGTGATACAGACTGGAACAAAAACC,1,Mg
tau,1,7.565899620888848,6.781207647729939,7.293962481590788,4.419805668891198,11.163492750291832,0.95,12SpacC1G,CACAGTGGTACAGACTGGAACAAAAACC,1,Mg
tau,1,3.2694149534977193,3.1280667112608302,3.2193994128837806,2.332661869150379,4.254829305873707,0.95,12SpacC4G,CACAGTGCTAGAGACTGGAACAAAAACC,1,Mg
tau,1,3.9882179033336587,3.928885649329442,3.9666296566562975,3.3207267869806163,4.70055384067436,0.95,12SpacC4T,CACAGTGCTATAGACTGGAACAAAAACC,1,Mg
tau,1,4.922356732053198,4.291688273136565,4.702060475769809,2.7686877646117845,7.746963459481887,0.95,12SpacC8T,CACAGTGCTACAGATTGGAACAAAAACC,1,Mg
tau,1,5.533618175445432,5.3852116391931615,5.48367041495926,4.248492475980125,6.806110550548887,0.95,12SpacG10A,CACAGTGCTACAGACTAGAACAAAAACC,1,Mg
tau,1,2.480034851115023,2.3408081365763067,2.427490223046253,1.6473869708271447,3.36005287532456,0.95,12SpacG10C,CACAGTGCTACAGACTCGAACAAAAACC,1,Mg
tau,1,5.002620263383336,4.62736665373232,4.861744278651782,3.254096655981062,7.095397913710636,0.95,12SpacG10CG11A,CACAGTGCTACAGACTCAAACAAAAACC,2,Mg
tau,1,4.143957726210721,3.8624824988817767,4.039222938984971,2.6579850183278917,5.765268801883893,0.95,12SpacG10T,CACAGTGCTACAGACTTGAACAAAAACC,1,Mg
tau,1,6.181623941811619,5.798635123379257,6.056738411717436,4.180986266356838,8.429765082658754,0.95,12SpacG11A,CACAGTGCTACAGACTGAAACAAAAACC,1,Mg
tau,1,3.8141791122403714,3.566342675395009,3.7275731100511855,2.5630326798990897,5.304388327027126,0.95,12SpacG11C,CACAGTGCTACAGACTGCAACAAAAACC,1,Mg
tau,1,3.2791152408334363,3.245940252558368,3.2670927775090384,2.8126833872777577,3.7620475309235917,0.95,12SpacG11T,CACAGTGCTACAGACTGTAACAAAAACC,1,Ca
tau,1,5.494733207407704,5.449326244093178,5.479668619438197,4.811519977870033,6.114825578210498,0.95,12SpacG11T,CACAGTGCTACAGACTGTAACAAAAACC,1,Mg
tau,1,7.3990634335809995,7.212118129801727,7.324067497909036,5.812636099955115,9.186617054830595,0.95,12SpacG6A,CACAGTGCTACAAACTGGAACAAAAACC,1,Mg
tau,1,5.864369718992535,5.72484015394904,5.808172803188674,4.601131408190849,7.1563711975138835,0.95,12SpacG6T,CACAGTGCTACATACTGGAACAAAAACC,1,Mg
tau,1,7.338016507255444,6.787365063117143,7.160444129118181,4.841405914574741,10.152480465654875,0.95,12SpacT9A,CACAGTGCTACAGACAGGAACAAAAACC,1,Mg
tau,1,6.8247991927143685,6.49842650786363,6.71445318779954,4.909149214667984,9.072807791488914,0.95,12SpacT9C,CACAGTGCTACAGACCGGAACAAAAACC,1,Mg
tau,1,4.645850257719462,3.7186331474135743,4.309957417911875,2.0206849579009205,8.088098253595689,0.95,12SpacT9G,CACAGTGCTACAGACGGGAACAAAAACC,1,Mg
tau,1,3.5482649856881987,2.9733276216363795,3.341891166882382,1.669719894339161,5.782094075801906,0.95,DFL161,CACAGTGCTATATCCATCAGCAAAAACC,7,Mg
tau,1,2.7677621199949813,2.631656051813687,2.7312278308507096,1.8864574292477303,3.624510145453937,0.95,DFL1613,CACAGTAGTAGATCCCTTCACAAAAAGC,10,Mg
tau,1,5.18538647800708,4.980836345413945,5.1141752882699505,3.92690235750216,6.657412492615043,0.95,V1-135,CACAGTGATTCAGACCCGAACAAAAACT,5,Mg
tau,1,9.887446690423541,8.610642164406146,9.407909480045785,5.1226448020313455,15.473968010563942,0.95,V10-95,CACAATGATATAAGTCATAACATAAACC,10,Mg
tau,1,12.612824937448359,11.85677436493841,12.3629213300636,8.492332509255709,17.24183256841398,0.95,V10-96,CACAATGATATAAGTCATAACATAAACC,10,Mg
tau,1,7.82180450777778,7.590744953569796,7.723187213665532,5.862921041395489,9.822673713819158,0.95,V19-93,CACAGTGATACAAATCATAACAAAAACC,6,Mg
tau,1,4.541337856008807,4.149695854452496,4.38931277105205,2.6961059850358993,6.458488483542479,0.95,V4-55,CACAGTGATACAGACTGGAACAAAAACC,1,Mg
tau,1,8.631372625926835,7.874159237222442,8.391185928198059,5.493627017852187,12.40579555180115,0.95,V5-43,CACAGTGATGCAGACCATAGCAAAAATC,7,Mg
tau,1,5.088343152691946,4.837140894244472,4.990693196422697,3.5822756861423546,6.906157036556188,0.95,V6-15,CACAGTACTTCAGCCTCCTACATAAACC,7,Mg
tau,1,3.27030875749785,3.0907900282248226,3.2134233851715672,2.27121794520376,4.420811553606571,0.95,V6-17,CACAGTGCTTCAGCCTCCTACACAAACC,6,Mg
tau,1,3.727323238695568,2.682582865850205,3.276524776580801,1.268087246824423,7.193691439637211,0.95,V8-18,CACAGAGCTTCAGCTGCCTACACAAACC,9,Mg
tau,1,4.736198268203979,4.5147377588821715,4.65396157414194,3.3320656740113734,6.179914162644835,0.95,V9-120,CACAGTGATACAAATCATAACATAAACC,7,Mg
tau,1,3.9263413617912795,3.8842777030868185,3.9115718154977377,3.3950399578962904,4.515391811253072,0.95,WT12rss,CACAGTGCTACAGACTGGAACAAAAACC,0,Mg
