,parameter,dimension,mean,mode,median,hpd_min,hpd_max,mass_fraction,mutant,seq,n_muts
0,ploop,1,0.2534607761236168,0.30007247283030497,0.2179748791887376,0.09182037823066291,0.5198570225701524,0.95,12HeptA4T,CACTGTGCTACAGACTGGAACAAAAACC,1
0,ploop,1,0.2796183926959624,0.17989797014554954,0.22633543238824652,0.050897596674496774,0.6359117325210056,0.95,12HeptC3G,CAGAGTGCTACAGACTGGAACAAAAACC,1
0,ploop,1,0.28374726776318016,0.24454786131812742,0.24211285106160402,0.06649448875663114,0.6411757536281321,0.95,12HeptC3T,CATAGTGCTACAGACTGGAACAAAAACC,1
0,ploop,1,0.3679355571057813,0.3259343760140079,0.3188334682489665,0.07256112462228873,0.8332416054247563,0.95,12HeptG5A,CACAATGCTACAGACTGGAACAAAAACC,1
0,ploop,1,0.19381751675935618,0.13033084423048236,0.14395287232512916,0.03507831785047417,0.4619618591152272,0.95,12HeptG5C,CACACTGCTACAGACTGGAACAAAAACC,1
0,ploop,1,0.5599722341690863,0.6136117086199951,0.546682501952131,0.2619971929798139,0.8850394616290658,0.95,12HeptG7A,CACAGTACTACAGACTGGAACAAAAACC,1
0,ploop,1,0.07615720839301784,0.07980086813458838,0.07098216199026225,0.04026585472809373,0.12347147271904274,0.95,12HeptG7C,CACAGTCCTACAGACTGGAACAAAAACC,1
0,ploop,1,0.5625472260167725,0.5110355614529062,0.5381038190146661,0.22817493965794378,0.9552767625044212,0.95,12HeptG7T,CACAGTTCTACAGACTGGAACAAAAACC,1
0,ploop,1,0.03272043629888452,0.03252496489167204,0.024613750103261757,0.002422512161276042,0.0868461148867551,0.95,12HeptT6A,CACAGAGCTACAGACTGGAACAAAAACC,1
0,ploop,1,0.02779773976775272,0.019566581963119344,0.02098541190355538,0.0024609242305232482,0.07325449760650765,0.95,12HeptT6AG7C,CACAGACCTACAGACTGGAACAAAAACC,2
0,ploop,1,0.2929348147560794,0.29533926965062,0.23387868901347458,0.030794950848162143,0.7247234273849357,0.95,12HeptT6C,CACAGCGCTACAGACTGGAACAAAAACC,1
0,ploop,1,0.060298384525825456,0.04421729647483424,0.043673792237044186,0.004975896107980818,0.15934864708065916,0.95,12HeptT6CG7A,CACAGCACTACAGACTGGAACAAAAACC,2
0,ploop,1,0.36995216488656457,0.3071623665167245,0.322136090371766,0.12011182036055536,0.7902979283002148,0.95,12NonA1G,CACAGTGCTACAGACTGGAGCAAAAACC,1
0,ploop,1,0.3669598592061936,0.38008310561245057,0.32179486121772,0.03450725327752119,0.7817705588762283,0.95,12NonA3C,CACAGTGCTACAGACTGGAACCAAAACC,1
0,ploop,1,0.44033958914805704,0.28357680480370434,0.388541330445739,0.07825688818994057,0.8972255510737652,0.95,12NonA4C,CACAGTGCTACAGACTGGAACACAAACC,1
0,ploop,1,0.06483649953720438,0.07523004502424449,0.059666828599753946,0.02688495782020746,0.11603059143929313,0.95,12NonA4T,CACAGTGCTACAGACTGGAACATAAACC,1
0,ploop,1,0.14810671726526087,0.16897476574065148,0.12855022197833743,0.0522630430357911,0.29174678373184904,0.95,12NonA5T,CACAGTGCTACAGACTGGAACAATAACC,1
0,ploop,1,0.24128633574008487,0.1866136031517552,0.19774219457041917,0.06239556394325664,0.5470141754094877,0.95,12NonC8G,CACAGTGCTACAGACTGGAACAAAAAGC,1
0,ploop,1,0.25892580365218887,0.2402200614996978,0.21478620339069374,0.04071828435174102,0.6422613273610202,0.95,12NonC8T,CACAGTGCTACAGACTGGAACAAAAATC,1
0,ploop,1,0.24303291232742455,0.21021046408388158,0.21391500359824983,0.08477660641848139,0.48288725634967855,0.95,12NonC9T,CACAGTGCTACAGACTGGAACAAAAACT,1
0,ploop,1,0.15345674823280853,0.16573615775616876,0.12127320201770062,0.04091602475608905,0.34757858635486377,0.95,12SpacA12C,CACAGTGCTACAGACTGGCACAAAAACC,1
0,ploop,1,0.21044032478119457,0.14949969094107626,0.17020496471585606,0.032476071128478765,0.5075535002993219,0.95,12SpacA12T,CACAGTGCTACAGACTGGTACAAAAACC,1
0,ploop,1,0.14037733844834283,0.17015631547448704,0.12099569786063502,0.05797510957924879,0.2704922296822022,0.95,12SpacA3G,CACAGTGCTGCAGACTGGAACAAAAACC,1
0,ploop,1,0.0760407368282825,0.092627728752847,0.06779967962635414,0.028395250629141562,0.15186250592619843,0.95,12SpacA3T,CACAGTGCTTCAGACTGGAACAAAAACC,1
0,ploop,1,0.32484555061028086,0.18994070977883776,0.2821613935512578,0.07773836605855897,0.700503282850906,0.95,12SpacA7C,CACAGTGCTACAGCCTGGAACAAAAACC,1
0,ploop,1,0.2780963264748157,0.20480979447605607,0.21323541054462722,0.03197784600196529,0.729201827035945,0.95,12SpacA7G,CACAGTGCTACAGGCTGGAACAAAAACC,1
0,ploop,1,0.08691528257425955,0.08755284623934485,0.07503772984278559,0.03055176815175996,0.1729181358832207,0.95,12SpacC1A,CACAGTGATACAGACTGGAACAAAAACC,1
0,ploop,1,0.1333314370267978,0.13214451580121742,0.11723964057400087,0.05254547931143278,0.2599256516955812,0.95,12SpacC1G,CACAGTGGTACAGACTGGAACAAAAACC,1
0,ploop,1,0.2213496423919125,0.234667950246268,0.18443015501593413,0.051297769873819454,0.4968326143452392,0.95,12SpacC4G,CACAGTGCTAGAGACTGGAACAAAAACC,1
0,ploop,1,0.36994596068278224,0.3844589040754611,0.2808933207770077,0.125330466293769,0.874590165892441,0.95,12SpacC4T,CACAGTGCTATAGACTGGAACAAAAACC,1
0,ploop,1,0.33753523013756,0.33742405919369717,0.284549967122928,0.07321367560414824,0.7754547989248152,0.95,12SpacC8T,CACAGTGCTACAGATTGGAACAAAAACC,1
0,ploop,1,0.21768393641065067,0.1348512069056036,0.18845059780930692,0.06346478533331844,0.4448907068424739,0.95,12SpacG10A,CACAGTGCTACAGACTAGAACAAAAACC,1
0,ploop,1,0.04861248434318598,0.05118161450137604,0.044815403915863444,0.02481944844834276,0.08032493950005846,0.95,12SpacG10C,CACAGTGCTACAGACTCGAACAAAAACC,1
0,ploop,1,0.17915105801535436,0.13509531986373793,0.1449369918540182,0.033882670971971576,0.43109720461180334,0.95,12SpacG10CG11A,CACAGTGCTACAGACTCAAACAAAAACC,2
0,ploop,1,0.06645259901004957,0.07559175930589283,0.06409302737138116,0.04907725554832361,0.08987568929547853,0.95,12SpacG10T,CACAGTGCTACAGACTTGAACAAAAACC,1
0,ploop,1,0.38657935743537536,0.3162125733099832,0.3341266192932647,0.09306435951118563,0.8108542344742483,0.95,12SpacG11A,CACAGTGCTACAGACTGAAACAAAAACC,1
0,ploop,1,0.07793944654137908,0.075973168725615,0.06807236505174863,0.027140287175555243,0.15219583170534262,0.95,12SpacG11C,CACAGTGCTACAGACTGCAACAAAAACC,1
0,ploop,1,0.5708138025091601,0.7721168354199435,0.5461219170441491,0.29091367125501355,0.9349335422590893,0.95,12SpacG11T,CACAGTGCTACAGACTGTAACAAAAACC,1
0,ploop,1,0.506046038007281,0.5782108571578235,0.4799294351214037,0.2044754428435048,0.8614271374569812,0.95,12SpacG6A,CACAGTGCTACAAACTGGAACAAAAACC,1
0,ploop,1,0.367007738804586,0.33161845404617596,0.3113727891593878,0.1586308963944402,0.7949136288784077,0.95,12SpacG6T,CACAGTGCTACATACTGGAACAAAAACC,1
0,ploop,1,0.14056604672515433,0.15736915055954923,0.1260244074205656,0.0652548704895546,0.2511017364025533,0.95,12SpacT9A,CACAGTGCTACAGACAGGAACAAAAACC,1
0,ploop,1,0.20384064377411398,0.2255747147884213,0.1911282076368705,0.12873629509325982,0.3106935019946412,0.95,12SpacT9C,CACAGTGCTACAGACCGGAACAAAAACC,1
0,ploop,1,0.018777883444148866,0.02065881047158188,0.017452807823875635,0.00999607846263989,0.030998359238795292,0.95,12SpacT9G,CACAGTGCTACAGACGGGAACAAAAACC,1
0,ploop,1,0.22440728615689975,0.13876370197713753,0.17404376036055774,0.013544837428814408,0.5861376495375141,0.95,DFL161,CACAGTGCTATATCCATCAGCAAAAACC,7
0,ploop,1,0.03597534060066425,0.042050443840733295,0.03522981243861459,0.031104482874665072,0.042359964416249896,0.95,DFL1613,CACAGTAGTAGATCCCTTCACAAAAAGC,10
0,ploop,1,0.22629111521636655,0.29341731500023904,0.19116944852100082,0.07203208310004391,0.488334818562529,0.95,V1-135,CACAGTGATTCAGACCCGAACAAAAACT,5
0,ploop,1,0.1934963644158566,0.18499117929775977,0.15287242701600678,0.032608344085541655,0.4664051554275822,0.95,V10-95,CACAATGATATAAGTCATAACATAAACC,10
0,ploop,1,0.15692970923786484,0.16454532854423304,0.13994850376025997,0.06743869951315241,0.2811239338939743,0.95,V10-96,CACAATGATATAAGTCATAACATAAACC,10
0,ploop,1,0.6036362166902781,0.8227824176336371,0.5749491052696001,0.3342044954837274,0.940898395567204,0.95,V19-93,CACAGTGATACAAATCATAACAAAAACC,6
0,ploop,1,0.1254278146358356,0.10882112837913438,0.11049861980951536,0.04787542173361573,0.2438225911772434,0.95,V4-55,CACAGTGATACAGACTGGAACAAAAACC,1
0,ploop,1,0.26529276906337523,0.19776742593298338,0.2087915505766858,0.051345361393846774,0.6697906523782636,0.95,V5-43,CACAGTGATGCAGACCATAGCAAAAATC,7
0,ploop,1,0.29558277401017996,0.3595392109061111,0.2594013330491045,0.08723369557085194,0.6150396581469042,0.95,V6-15,CACAGTACTTCAGCCTCCTACATAAACC,7
0,ploop,1,0.07321441572052663,0.06906788243011204,0.0664765768685608,0.03210727749127178,0.13449230009619415,0.95,V6-17,CACAGTGCTTCAGCCTCCTACACAAACC,6
0,ploop,1,0.23409646904195971,0.16820278469457653,0.17955411695012835,0.026949199972081485,0.6124705564910263,0.95,V8-18,CACAGAGCTTCAGCTGCCTACACAAACC,9
0,ploop,1,0.3074420581987355,0.20951396047807483,0.25762373013331663,0.05172743286286763,0.7182761862736413,0.95,V9-120,CACAGTGATACAAATCATAACATAAACC,7
0,ploop,1,0.3592397959904624,0.3579200365515849,0.2910361912832165,0.10333376049830106,0.7815620268308074,0.95,WT12rss,CACAGTGCTACAGACTGGAACAAAAACC,0
