parameter,dimension,mean,mode,median,hpd_min,hpd_max,mass_fraction,mutant,N,seq,n_muts
tau,1,885.987363664202,883.3709436925104,885.6846571530763,778.4761578858213,1005.5315742502654,0.95,12HeptA4T,125,CACTGTGCTACAGACTGGAACAAAAACC,1
r,1,0.0011336109606681602,0.0011320272725068106,0.0011290700376860642,0.000994498855737683,0.0012845608563219087,0.95,12HeptA4T,125,CACTGTGCTACAGACTGGAACAAAAACC,1
tau,1,476.3616402871499,477.6993287324029,472.740600561498,374.4197205741001,598.8646948603606,0.95,12HeptC3G,54,CAGAGTGCTACAGACTGGAACAAAAACC,1
r,1,0.0021300522891796866,0.0020933669776207263,0.002115324977632055,0.001661422679725667,0.0026577347889448,0.95,12HeptC3G,54,CAGAGTGCTACAGACTGGAACAAAAACC,1
tau,1,555.1594043169164,557.7674520555621,553.5648272973151,442.33400306118506,677.8411964648294,0.95,12HeptC3T,55,CATAGTGCTACAGACTGGAACAAAAACC,1
r,1,0.0018227292970243163,0.0017928618751679773,0.0018064731550157197,0.0014282750747864569,0.0021967756506441898,0.95,12HeptC3T,55,CATAGTGCTACAGACTGGAACAAAAACC,1
tau,1,379.4512577991362,381.56084009754824,377.01624062750074,275.42770186873605,492.699602203281,0.95,12HeptG5A,14,CACAATGCTACAGACTGGAACAAAAACC,1
r,1,0.002697191295181592,0.002620814022068785,0.002652405635016125,0.001960623168244989,0.003528287906136453,0.95,12HeptG5A,14,CACAATGCTACAGACTGGAACAAAAACC,1
tau,1,516.2450813548475,518.3454318523978,514.7692251395628,411.0991734659473,628.9015327837855,0.95,12HeptG5C,51,CACACTGCTACAGACTGGAACAAAAACC,1
r,1,0.0019597175520482423,0.0019292154199687368,0.0019426180739164109,0.0015515528478170508,0.002372594067905257,0.95,12HeptG5C,51,CACACTGCTACAGACTGGAACAAAAACC,1
tau,1,544.9122193826581,544.9852171646547,543.2132465532459,433.1976731512872,647.8196745641667,0.95,12HeptG7A,66,CACAGTACTACAGACTGGAACAAAAACC,1
r,1,0.0018540933623172723,0.0018349121563381288,0.0018408976711786684,0.001487905676633576,0.002221527922585378,0.95,12HeptG7A,66,CACAGTACTACAGACTGGAACAAAAACC,1
tau,1,436.27155560341856,436.3450493695263,434.31931990210694,327.7386772900706,547.1392694024825,0.95,12HeptG7C,27,CACAGTCCTACAGACTGGAACAAAAACC,1
r,1,0.002334389773053074,0.0022917642848128954,0.0023024534131581374,0.001752697236612882,0.0029455336543511945,0.95,12HeptG7C,27,CACAGTCCTACAGACTGGAACAAAAACC,1
tau,1,583.6265032497099,586.4700436650353,580.9583921123465,471.5406204921112,694.5819191428673,0.95,12HeptG7T,44,CACAGTTCTACAGACTGGAACAAAAACC,1
r,1,0.0017297479083487578,0.0017051169293331443,0.0017212936662370569,0.0014176872984495465,0.0020805774526059567,0.95,12HeptG7T,44,CACAGTTCTACAGACTGGAACAAAAACC,1
tau,1,127.09983589333414,125.88704686899437,118.84067193323921,37.23698122300086,234.57813581410008,0.95,12HeptT6A,4,CACAGAGCTACAGACTGGAACAAAAACC,1
r,1,0.009486473055139182,0.007943629029924421,0.008414628242818812,0.003002755742300534,0.01847591101296702,0.95,12HeptT6A,4,CACAGAGCTACAGACTGGAACAAAAACC,1
tau,1,112.36772990520129,118.88939237124801,102.19198610037654,19.429966186415058,225.28356864633773,0.95,12HeptT6AG7C,1,CACAGACCTACAGACTGGAACAAAAACC,2
r,1,0.01208066962856905,0.00841117933278157,0.009785503201443387,0.002877590598488605,0.027845036435214587,0.95,12HeptT6AG7C,1,CACAGACCTACAGACTGGAACAAAAACC,2
tau,1,382.16415369885686,382.8842251783412,379.3036540104697,268.0764471597246,491.70778034073834,0.95,12HeptT6C,27,CACAGCGCTACAGACTGGAACAAAAACC,1
r,1,0.0026789213993488924,0.002611755549694471,0.0026364101413113477,0.0019500521704141857,0.0035634269220882397,0.95,12HeptT6C,27,CACAGCGCTACAGACTGGAACAAAAACC,1
tau,1,125.88408032565387,130.61991528801278,117.13931815472989,29.62151157148078,238.11555435359028,0.95,12HeptT6CG7A,2,CACAGCACTACAGACTGGAACAAAAACC,2
r,1,0.010064310440081336,0.007655800402220685,0.008536843271352281,0.0030818213162632597,0.021665295636493498,0.95,12HeptT6CG7A,2,CACAGCACTACAGACTGGAACAAAAACC,2
tau,1,647.0149722741653,648.3743417216095,644.928188539999,539.6854828568759,758.1344587176795,0.95,12NonA1G,109,CACAGTGCTACAGACTGGAGCAAAAACC,1
r,1,0.0015574788043586528,0.001542318897667556,0.00155056022961089,0.0013135723140403242,0.0018455465150676636,0.95,12NonA1G,109,CACAGTGCTACAGACTGGAGCAAAAACC,1
tau,1,392.14385685875556,394.93555518043365,388.64007263631214,281.9175525009433,500.5803168411595,0.95,12NonA3C,15,CACAGTGCTACAGACTGGAACCAAAACC,1
r,1,0.00260488350969262,0.002532058678644751,0.0025730748607737546,0.0018400200651330458,0.003318710477411027,0.95,12NonA3C,15,CACAGTGCTACAGACTGGAACCAAAACC,1
tau,1,368.53480276609696,369.1781106327398,366.1976355917933,256.3936038589148,472.8473461619688,0.95,12NonA4C,29,CACAGTGCTACAGACTGGAACACAAACC,1
r,1,0.002775013394513911,0.002708719642901052,0.002730765856959763,0.0019882010005794807,0.0036022702097353114,0.95,12NonA4C,29,CACAGTGCTACAGACTGGAACACAAACC,1
tau,1,414.5317033479171,413.05854837951017,412.4832394387404,309.6994230261784,520.7878143095649,0.95,12NonA4T,13,CACAGTGCTACAGACTGGAACATAAACC,1
r,1,0.0024555135928599585,0.00242096430136393,0.002424340930343132,0.0018751866724111194,0.0031303360723867915,0.95,12NonA4T,13,CACAGTGCTACAGACTGGAACATAAACC,1
tau,1,460.4439690368803,460.2454940819204,457.40050346843043,355.72408534619035,574.8474356173981,0.95,12NonA5T,49,CACAGTGCTACAGACTGGAACAATAACC,1
r,1,0.0022046527739865204,0.0021727534823448094,0.002186267816587561,0.0017208499461201514,0.0027646533079469064,0.95,12NonA5T,49,CACAGTGCTACAGACTGGAACAATAACC,1
tau,1,381.4925407720149,381.1301275408056,379.7770118436432,279.7512568508099,490.74898090723167,0.95,12NonC8G,32,CACAGTGCTACAGACTGGAACAAAAAGC,1
r,1,0.00267668665970212,0.0026237757861137215,0.002633124093883943,0.0019886041615524803,0.0034724423094260816,0.95,12NonC8G,32,CACAGTGCTACAGACTGGAACAAAAAGC,1
tau,1,319.7185948410642,315.3204593865633,316.4170706438354,212.5521090736411,427.3922804127984,0.95,12NonC8T,15,CACAGTGCTACAGACTGGAACAAAAATC,1
r,1,0.0032265428260392914,0.003171376833413978,0.0031603857470858653,0.002188655528327231,0.004434937639973588,0.95,12NonC8T,15,CACAGTGCTACAGACTGGAACAAAAATC,1
tau,1,335.2934749534646,331.4799509780936,331.48655692580445,239.3918422135584,449.584909402188,0.95,12NonC9T,20,CACAGTGCTACAGACTGGAACAAAAACT,1
r,1,0.003063883145230232,0.003016773705466388,0.0030167135876371662,0.002134323602421374,0.004043917766291587,0.95,12NonC9T,20,CACAGTGCTACAGACTGGAACAAAAACT,1
tau,1,265.06658821329137,265.0216050854627,261.20312313691653,168.83979934849174,362.79170410104757,0.95,12SpacA12C,11,CACAGTGCTACAGACTGGCACAAAAACC,1
r,1,0.0039172588205017254,0.0037732772755546687,0.003828438144544818,0.0025857849930871796,0.005517634456892511,0.95,12SpacA12C,11,CACAGTGCTACAGACTGGCACAAAAACC,1
tau,1,400.3913396211946,402.62967882745426,397.90182471902165,295.14766380657403,511.7812473874888,0.95,12SpacA12T,29,CACAGTGCTACAGACTGGTACAAAAACC,1
r,1,0.00254698776308558,0.002483671851792493,0.002513182758206107,0.0018876881333171798,0.003271802220154074,0.95,12SpacA12T,29,CACAGTGCTACAGACTGGTACAAAAACC,1
tau,1,464.31952058036865,464.9346990433208,463.1590414075017,355.4958338627745,565.2477325862803,0.95,12SpacA3G,39,CACAGTGCTGCAGACTGGAACAAAAACC,1
r,1,0.0021848840031492285,0.002150839681481429,0.0021590855638329346,0.0017170363808107977,0.0027280415284767693,0.95,12SpacA3G,39,CACAGTGCTGCAGACTGGAACAAAAACC,1
tau,1,332.9023168831371,329.05742640284274,328.7790219016638,237.0834927265724,438.8256652120263,0.95,12SpacA3T,30,CACAGTGCTTCAGACTGGAACAAAAACC,1
r,1,0.003080496361113485,0.0030389832283431516,0.0030415565880500556,0.0021373353067919644,0.0039980152787240245,0.95,12SpacA3T,30,CACAGTGCTTCAGACTGGAACAAAAACC,1
tau,1,413.2206734112273,409.81307177514634,409.6443464160337,312.69312445344775,520.8350742639548,0.95,12SpacA7C,31,CACAGTGCTACAGCCTGGAACAAAAACC,1
r,1,0.0024615635000847336,0.002440136903560445,0.002441141953425898,0.0018817773216626725,0.003113108718041422,0.95,12SpacA7C,31,CACAGTGCTACAGCCTGGAACAAAAACC,1
tau,1,323.4515336973465,325.4902282350508,321.68181105298555,220.19306133426716,425.60654903391423,0.95,12SpacA7G,16,CACAGTGCTACAGGCTGGAACAAAAACC,1
r,1,0.0031782547621247654,0.0030722888531014704,0.003108661931404094,0.0021505167341541666,0.004212567704755733,0.95,12SpacA7G,16,CACAGTGCTACAGGCTGGAACAAAAACC,1
tau,1,478.6054687616936,479.4277183343927,477.141502286655,369.64086942969516,589.6611471916027,0.95,12SpacC1A,50,CACAGTGATACAGACTGGAACAAAAACC,1
r,1,0.0021194163964451634,0.0020858201596565115,0.0020958143343764906,0.001613489589746636,0.0025984123629380312,0.95,12SpacC1A,50,CACAGTGATACAGACTGGAACAAAAACC,1
tau,1,409.47415005889997,406.67103272581176,405.91890766496,306.31980190669464,522.9917491873168,0.95,12SpacC1G,18,CACAGTGGTACAGACTGGAACAAAAACC,1
r,1,0.0024892407971464237,0.0024589899932071784,0.0024635462462283524,0.0018591053304860728,0.0031856665734774675,0.95,12SpacC1G,18,CACAGTGGTACAGACTGGAACAAAAACC,1
tau,1,417.66026376928096,417.7994677946845,414.410560617488,315.8621645959708,535.6689272784947,0.95,12SpacC4G,40,CACAGTGCTAGAGACTGGAACAAAAACC,1
r,1,0.0024376226750538006,0.0023934927568922157,0.0024130659182766984,0.0018133498615188486,0.003080273275669566,0.95,12SpacC4G,40,CACAGTGCTAGAGACTGGAACAAAAACC,1
tau,1,676.9729703010563,674.5799984936042,675.772354787428,569.4496640420948,784.4022622460145,0.95,12SpacC4T,130,CACAGTGCTATAGACTGGAACAAAAACC,1
r,1,0.0014873323049318158,0.0014824038694196196,0.001479788265276471,0.0012661821339563625,0.0017408555804562598,0.95,12SpacC4T,130,CACAGTGCTATAGACTGGAACAAAAACC,1
tau,1,246.93276038292706,246.31843637902415,242.4154997441023,142.46269315972407,347.6705616866487,0.95,12SpacC8T,11,CACAGTGCTACAGATTGGAACAAAAACC,1
r,1,0.004253575704168067,0.0040597854334429246,0.004125148767573505,0.0025927625560426865,0.006215090896351426,0.95,12SpacC8T,11,CACAGTGCTACAGATTGGAACAAAAACC,1
tau,1,564.8410536591073,565.3466427788377,562.8781507092278,461.30392009204127,678.7431488325029,0.95,12SpacG10A,63,CACAGTGCTACAGACTAGAACAAAAACC,1
r,1,0.0017876627542831754,0.0017688262816680379,0.0017765834428238407,0.0014402556841587783,0.0021291606220825853,0.95,12SpacG10A,63,CACAGTGCTACAGACTAGAACAAAAACC,1
tau,1,320.7391745126201,319.2590814210754,315.3738692464808,220.01691546854698,427.7545827776672,0.95,12SpacG10C,32,CACAGTGCTACAGACTCGAACAAAAACC,1
r,1,0.003208199079438967,0.0031322523248166765,0.003170839750083694,0.002145925420989184,0.004254062389080183,0.95,12SpacG10C,32,CACAGTGCTACAGACTCGAACAAAAACC,1
tau,1,356.8386251136039,353.5333286488762,353.10351688038537,256.0707965862944,467.9013364889317,0.95,12SpacG10CG11A,22,CACAGTGCTACAGACTCAAACAAAAACC,2
r,1,0.0028680980106751933,0.0028285876294090067,0.002832030707487704,0.002055271994562006,0.0037438452666375874,0.95,12SpacG10CG11A,22,CACAGTGCTACAGACTCAAACAAAAACC,2
tau,1,368.4384857356319,370.3513865650643,366.2212816378535,253.94389842341354,477.2411833873189,0.95,12SpacG10T,24,CACAGTGCTACAGACTTGAACAAAAACC,1
r,1,0.00278129349197284,0.0027001383990345003,0.0027305895374814424,0.0019427237878226716,0.003647149853404716,0.95,12SpacG10T,24,CACAGTGCTACAGACTTGAACAAAAACC,1
tau,1,462.32506668426606,463.03624091331824,458.48827013016614,357.23872807787814,574.3639816945574,0.95,12SpacG11A,31,CACAGTGCTACAGACTGAAACAAAAACC,1
r,1,0.0021951847598280063,0.0021596581685000395,0.002181080882547388,0.0016757894935034649,0.0027016732565366785,0.95,12SpacG11A,31,CACAGTGCTACAGACTGAAACAAAAACC,1
tau,1,388.56551213887195,387.5520571421858,384.7435887234164,280.47555946756336,500.15802921351076,0.95,12SpacG11C,27,CACAGTGCTACAGACTGCAACAAAAACC,1
r,1,0.0026291503160371763,0.0025802985213754606,0.0025991336290177346,0.0019313339549094108,0.00338986487021755,0.95,12SpacG11C,27,CACAGTGCTACAGACTGCAACAAAAACC,1
tau,1,827.2017966956039,823.9259001265413,824.9794911669455,720.4296167522901,935.2217416212947,0.95,12SpacG11T,212,CACAGTGCTACAGACTGTAACAAAAACC,1
r,1,0.0012142338264546516,0.0012137013775709888,0.0012121513481118517,0.001066765613158545,0.0013846465110607254,0.95,12SpacG11T,212,CACAGTGCTACAGACTGTAACAAAAACC,1
tau,1,586.4587885420217,586.2348521624212,584.5718792566734,477.6141633191522,694.6034370952241,0.95,12SpacG6A,56,CACAGTGCTACAAACTGGAACAAAAACC,1
r,1,0.001720317101317154,0.001705801005026125,0.0017106536176099945,0.001407866329263427,0.0020457528448470635,0.95,12SpacG6A,56,CACAGTGCTACAAACTGGAACAAAAACC,1
tau,1,662.4204953380846,661.3426769602011,661.3073508932123,555.7605425089315,778.3623566835531,0.95,12SpacG6T,82,CACAGTGCTACATACTGGAACAAAAACC,1
r,1,0.0015212173581838973,0.0015120754108844227,0.0015121561838296466,0.0012776525124583162,0.0017899010168493797,0.95,12SpacG6T,82,CACAGTGCTACATACTGGAACAAAAACC,1
tau,1,474.4904762397461,475.56418241697935,471.46089527915206,363.91186823295004,589.5715928768864,0.95,12SpacT9A,25,CACAGTGCTACAGACAGGAACAAAAACC,1
r,1,0.002138949331999681,0.0021027655928957034,0.0021210667230876982,0.0016285025159018963,0.0026381974863980994,0.95,12SpacT9A,25,CACAGTGCTACAGACAGGAACAAAAACC,1
tau,1,547.547294192514,546.4452662104925,544.793632941226,432.0277897894647,656.5504992199166,0.95,12SpacT9C,40,CACAGTGCTACAGACCGGAACAAAAACC,1
r,1,0.0018464350351862584,0.0018300094480364604,0.0018355574286278023,0.0014783269586927951,0.002229397904830815,0.95,12SpacT9C,40,CACAGTGCTACAGACCGGAACAAAAACC,1
tau,1,218.63381072202625,216.10535441212934,213.68464125177792,128.51953481507445,327.244827535321,0.95,12SpacT9G,8,CACAGTGCTACAGACGGGAACAAAAACC,1
r,1,0.0048365960167357225,0.004627372619805264,0.004679793533367992,0.002756357444584801,0.0071112104220385185,0.95,12SpacT9G,8,CACAGTGCTACAGACGGGAACAAAAACC,1
tau,1,251.44905674358463,253.30188441426154,246.84679508597299,144.70673317775265,363.42211416524776,0.95,DFL161,9,CACAGTGCTATATCCATCAGCAAAAACC,7
r,1,0.0041845707159865525,0.003947858510063644,0.0040510957634360915,0.002471678166983508,0.006119577139943236,0.95,DFL161,9,CACAGTGCTATATCCATCAGCAAAAACC,7
tau,1,391.864791547576,391.19555027720537,388.25151025919615,285.3806385519396,506.27893856869565,0.95,DFL1613,37,CACAGTAGTAGATCCCTTCACAAAAAGC,10
r,1,0.0026046773612065505,0.002556266295185079,0.0025756499938318946,0.0018862802996643148,0.0033569001985854327,0.95,DFL1613,37,CACAGTAGTAGATCCCTTCACAAAAAGC,10
tau,1,526.9452168432256,529.045141286072,524.8311144301119,423.9909227233547,642.242174183367,0.95,V1-135,53,CACAGTGATTCAGACCCGAACAAAAACT,5
r,1,0.001920188814098786,0.0018901978715258013,0.0019053748491815593,0.001517974710845091,0.002316241218851646,0.95,V1-135,53,CACAGTGATTCAGACCCGAACAAAAACT,5
tau,1,408.5602951722682,410.22221172932586,406.20916189587774,300.51028012097373,520.9307972228993,0.95,V10-95,12,CACAATGATATAAGTCATAACATAAACC,10
r,1,0.0024957107689461927,0.0024377032042814475,0.0024617859322967474,0.0018390095498826526,0.00320554222859154,0.95,V10-95,12,CACAATGATATAAGTCATAACATAAACC,10
tau,1,618.6819177907862,617.5034615729624,616.2892577012296,506.73355415213206,735.7130360282719,0.95,V10-96,32,CACAATGATATAAGTCATAACATAAACC,10
r,1,0.0016309087431442717,0.001619424120235224,0.0016226146862030981,0.0013477500483760946,0.001952877698252794,0.95,V10-96,32,CACAATGATATAAGTCATAACATAAACC,10
tau,1,540.6755838218534,539.6332220237196,539.197968072262,439.76162655817865,651.2505152017158,0.95,V19-93,49,CACAGTGATACAAATCATAACAAAAACC,6
r,1,0.001868370040648657,0.0018531105187516513,0.0018546063997643273,0.0015306550241657767,0.0022682934567562537,0.95,V19-93,49,CACAGTGATACAAATCATAACAAAAACC,6
tau,1,373.32993126737546,372.0532073753481,369.7577360100294,262.15054559827485,489.08474987472107,0.95,V4-55,21,CACAGTGATACAGACTGGAACAAAAACC,1
r,1,0.002745776721488596,0.002687787607193355,0.002704473504344154,0.0019574629406811025,0.003631028612233992,0.95,V4-55,21,CACAGTGATACAGACTGGAACAAAAACC,1
tau,1,309.90224615630206,309.48202825944355,306.873060900924,207.7956640218252,421.6792414294781,0.95,V5-43,9,CACAGTGATGCAGACCATAGCAAAAATC,7
r,1,0.0033349855489036547,0.0032312053970438783,0.003258676432812047,0.0021840027535496385,0.004530187859986189,0.95,V5-43,9,CACAGTGATGCAGACCATAGCAAAAATC,7
tau,1,459.42426508390156,461.36777264340617,457.1400524842952,342.13573397621576,571.647493767879,0.95,V6-15,33,CACAGTACTTCAGCCTCCTACATAAACC,7
r,1,0.0022113121563083543,0.0021674682526490767,0.002187513420985523,0.0016317293671376178,0.00274875941339911,0.95,V6-15,33,CACAGTACTTCAGCCTCCTACATAAACC,7
tau,1,338.4216143749594,341.0532767447685,336.0061690985748,226.85238620913674,451.2686127124117,0.95,V6-17,22,CACAGTGCTTCAGCCTCCTACACAAACC,6
r,1,0.003043595509761984,0.0029320932188209485,0.002976135837479731,0.002118293879241803,0.004126289208307274,0.95,V6-17,22,CACAGTGCTTCAGCCTCCTACACAAACC,6
tau,1,194.29329136205692,196.5487622559823,188.54051521003998,94.17476349573644,305.3587812222269,0.95,V8-18,5,CACAGAGCTTCAGCTGCCTACACAAACC,9
r,1,0.005623272654801379,0.005087795967382457,0.005303899795149966,0.0026586199949594873,0.00907695005768142,0.95,V8-18,5,CACAGAGCTTCAGCTGCCTACACAAACC,9
tau,1,424.27192667766104,425.037536889646,421.02373329045275,323.95894446104955,530.1620708940189,0.95,V9-120,41,CACAGTGATACAAATCATAACATAAACC,7
r,1,0.0023969367922973563,0.0023527333781336907,0.0023751630491737953,0.0018384211892929915,0.0030257413876143913,0.95,V9-120,41,CACAGTGATACAAATCATAACATAAACC,7
tau,1,668.5169283171855,669.8093846375525,667.0260654627426,571.1155364591648,780.9473720346475,0.95,WT12rss,164,CACAGTGCTACAGACTGGAACAAAAACC,0
r,1,0.0015058107306667758,0.001492962061947102,0.001499191790764679,0.001275844818190463,0.0017449273764357422,0.95,WT12rss,164,CACAGTGCTACAGACTGGAACAAAAACC,0
